Name,Team,G,PA,AB,H,2B,3B,HR,R,RBI,BB,SO,SB,CS,AVG,OBP,SLG,OPS,wOBA,ADP,playerid,HBP
Mike Trout,Angels,154,667,538,166,33,5,38,116,98,114,129,25,6,0.309,0.435,0.601,1.036,0.429,1.1,10155,9
Joey Votto,Reds,157,682,545,172,33,1,32,102,99,124,99,5,1,0.316,0.443,0.557,1.001,0.42,18.8,4314,6
Freddie Freeman,Braves,148,644,545,166,39,3,36,97,96,87,134,7,3,0.304,0.405,0.587,0.992,0.411,22.2,5361,8
Bryce Harper,Nationals,141,602,503,150,30,2,33,102,98,89,117,9,4,0.297,0.402,0.558,0.959,0.399,8.6,11579,4
Giancarlo Stanton,Yankees,140,597,516,141,27,1,48,98,114,73,155,2,2,0.273,0.366,0.607,0.973,0.398,9,4949,5
Paul Goldschmidt,Diamondbacks,157,676,563,168,34,3,32,109,110,102,146,16,5,0.299,0.408,0.542,0.95,0.398,4.4,9218,6
Kris Bryant,Cubs,158,684,578,170,37,4,33,113,94,88,146,8,4,0.294,0.397,0.545,0.942,0.396,15.3,15429,12
J.D. Martinez,,136,572,507,148,32,3,38,88,101,58,148,3,1,0.293,0.365,0.593,0.958,0.394,25.1,6184,3
Josh Donaldson,Blue Jays,141,614,519,145,29,2,36,94,94,86,122,4,1,0.278,0.385,0.551,0.936,0.393,29.3,5038,6
Charlie Blackmon,Rockies,153,687,613,193,35,10,31,116,86,56,119,16,9,0.315,0.381,0.556,0.938,0.392,8,7859,11
Nolan Arenado,Rockies,156,674,599,180,39,5,40,102,128,63,103,3,2,0.3,0.366,0.583,0.95,0.39,5.3,9777,4
Aaron Judge,Yankees,147,629,519,135,24,3,41,102,100,100,192,7,3,0.26,0.381,0.554,0.935,0.389,18,15640,5
Jose Altuve,Astros,153,667,599,200,39,4,23,104,84,54,75,30,7,0.333,0.392,0.525,0.917,0.387,2.1,5417,8
Anthony Rizzo,Cubs,158,682,576,162,36,4,33,97,109,83,99,8,4,0.281,0.388,0.526,0.914,0.384,24.9,3473,18
Carlos Correa,Astros,148,632,557,166,34,2,28,91,104,68,123,7,2,0.298,0.375,0.518,0.893,0.376,14.1,14162,4
Nelson Cruz,Mariners,143,605,529,151,25,1,36,86,103,60,138,1,1,0.284,0.362,0.538,0.901,0.375,55.8,2434,8
Justin Turner,Dodgers,146,608,528,157,35,1,24,80,86,57,81,6,1,0.297,0.377,0.506,0.883,0.373,83.7,5235,12
Jose Ramirez,Indians,155,654,592,183,49,5,23,100,84,52,68,19,6,0.309,0.365,0.524,0.889,0.373,19,13510,4
Matt Carpenter,Cardinals,145,627,518,136,35,3,26,95,72,95,125,3,2,0.263,0.382,0.496,0.878,0.373,180.3,8090,6
Daniel Murphy,Nationals,134,556,504,159,39,3,19,80,85,43,65,3,1,0.316,0.372,0.521,0.893,0.373,68.3,4316,5
Anthony Rendon,Nationals,147,613,523,149,38,1,23,82,90,75,93,8,3,0.286,0.381,0.493,0.874,0.371,58.1,12861,6
Corey Seager,Dodgers,150,648,579,173,37,3,27,94,82,61,130,4,2,0.3,0.369,0.51,0.879,0.371,38.8,13624,4
Brandon Belt,Giants,135,567,478,127,35,5,22,75,70,81,132,3,3,0.265,0.374,0.497,0.871,0.37,303.8,10264,4
George Springer,Astros,148,661,575,159,29,2,33,111,85,73,135,7,6,0.276,0.365,0.504,0.869,0.369,30.9,12856,9
Edwin Encarnacion,Indians,154,655,553,144,25,1,37,95,107,91,128,2,1,0.26,0.367,0.507,0.873,0.369,56.3,2151,5
Rhys Hoskins,Phillies,141,591,501,128,24,1,34,84,100,76,122,4,2,0.256,0.359,0.516,0.875,0.368,50.4,16472,7
Eric Thames,Brewers,126,516,442,113,26,4,28,80,74,65,134,6,3,0.256,0.358,0.52,0.878,0.368,187.5,3711,7
Jose Abreu,White Sox,154,662,605,180,38,4,31,88,102,40,120,2,1,0.298,0.352,0.527,0.88,0.367,42.1,15676,12
Adrian Beltre,Rangers,119,500,448,134,27,1,21,66,82,43,60,1,1,0.3,0.363,0.506,0.87,0.367,159.3,639,5
Gary Sanchez,Yankees,125,526,473,131,24,0,33,75,89,41,117,2,1,0.277,0.341,0.536,0.877,0.366,20.4,11442,6
Jung Ho Kang,Pirates,24,104,90,24,6,0,6,12,16,9,20,1,0,0.26,0.344,0.532,0.876,0.366,702.7,17182,0
Michael Conforto,Mets,121,482,416,110,24,1,25,70,68,56,119,3,1,0.265,0.36,0.51,0.87,0.366,181.3,16376,5
Tommy Pham,Cardinals,146,571,488,135,24,3,23,92,74,72,145,22,8,0.276,0.375,0.479,0.854,0.366,59.3,2967,6
Yoenis Cespedes,Mets,132,558,503,144,29,3,30,79,82,45,109,2,1,0.286,0.347,0.533,0.88,0.365,96.3,13110,5
Christian Yelich,Brewers,155,673,588,171,37,3,22,91,86,75,136,18,4,0.292,0.374,0.476,0.85,0.362,63.3,11477,5
Cody Bellinger,Dodgers,151,634,556,145,29,4,37,95,104,71,164,11,4,0.261,0.345,0.529,0.875,0.362,23.8,15998,4
Willson Contreras,Cubs,130,517,455,128,25,1,23,63,81,53,108,5,4,0.281,0.36,0.492,0.852,0.362,52.9,11609,5
Domingo Santana,Brewers,149,602,522,140,29,0,27,82,84,71,177,12,4,0.269,0.362,0.483,0.845,0.361,79.8,10348,6
Mookie Betts,Red Sox,154,691,620,181,43,4,26,106,99,62,80,25,4,0.292,0.356,0.5,0.856,0.36,8.6,13611,3
Alex Bregman,Astros,156,660,588,167,39,6,25,95,84,59,104,16,5,0.284,0.352,0.499,0.851,0.359,32.6,17678,6
Brian Dozier,Twins,153,692,603,159,32,4,34,104,92,77,138,14,5,0.263,0.352,0.499,0.851,0.359,37.9,9810,7
Marcell Ozuna,Cardinals,152,633,574,166,29,3,28,82,100,54,133,2,2,0.289,0.351,0.499,0.85,0.359,47.8,10324,3
Matt Olson,Athletics,140,558,481,116,22,1,35,77,86,68,143,2,1,0.242,0.342,0.505,0.847,0.358,124.3,14344,5
Carlos Santana,Phillies,151,651,550,141,32,2,27,85,84,93,99,5,2,0.257,0.367,0.469,0.836,0.357,171.6,2396,4
Justin Bour,Marlins,135,539,473,129,23,0,29,61,92,58,113,1,0,0.273,0.351,0.505,0.857,0.356,198.8,9744,3
Miguel Sano,Twins,120,509,446,114,20,2,29,73,79,57,177,1,1,0.256,0.344,0.503,0.847,0.356,102,12164,3
Francisco Lindor,Indians,155,684,616,178,37,4,28,99,87,55,91,19,4,0.289,0.349,0.497,0.846,0.356,20.9,12916,4
Ryan Braun,Brewers,133,542,485,136,31,3,24,77,80,49,100,13,5,0.28,0.347,0.502,0.849,0.356,111.7,3410,3
Jose Martinez,Cardinals,109,388,347,102,18,1,14,50,51,36,71,5,1,0.294,0.361,0.473,0.834,0.356,271.8,7996,2
Andrew McCutchen,Giants,153,657,572,157,30,3,26,90,86,76,126,10,5,0.275,0.362,0.475,0.837,0.355,85.7,9847,6
Miguel Cabrera,Tigers,129,551,485,138,24,0,23,66,77,60,104,0,0,0.284,0.364,0.478,0.842,0.355,94.8,1744,4
Jesse Winker,Reds,121,471,413,119,23,1,14,59,50,51,78,4,2,0.288,0.369,0.451,0.82,0.355,323.5,13590,3
Buster Posey,Giants,135,565,495,150,31,1,14,68,73,59,64,5,1,0.303,0.379,0.451,0.83,0.353,59.3,9166,5
Mitch Haniger,Mariners,126,519,463,129,29,3,20,69,66,44,111,7,5,0.278,0.349,0.485,0.833,0.353,212.5,14274,8
Manny Machado,Orioles,156,684,622,174,35,1,35,95,97,52,113,8,4,0.28,0.335,0.509,0.844,0.353,18.4,11493,3
Khris Davis,Athletics,153,637,560,138,27,2,40,88,103,63,182,3,1,0.246,0.327,0.516,0.843,0.353,69.9,9112,5
Joey Gallo,Rangers,142,550,467,100,20,3,37,80,81,76,200,6,2,0.215,0.33,0.511,0.842,0.353,115.3,14128,6
Justin Upton,Angels,152,635,562,145,36,1,32,90,97,67,175,12,5,0.259,0.34,0.496,0.836,0.352,47.8,5222,4
Eric Hosmer,,158,668,601,178,30,2,22,92,96,63,114,6,2,0.296,0.362,0.463,0.825,0.352,71.3,3516,3
Dexter Fowler,Cardinals,128,551,468,125,24,8,16,79,59,72,118,10,4,0.266,0.368,0.454,0.823,0.352,253.5,4062,6
DJ LeMahieu,Rockies,150,651,579,183,29,5,9,93,63,59,89,9,5,0.316,0.381,0.43,0.811,0.352,130,9874,5
Jake Lamb,Diamondbacks,153,633,544,138,30,5,28,84,96,78,153,5,3,0.255,0.352,0.485,0.837,0.351,118.1,13329,5
Jesus Aguilar,Brewers,102,324,290,74,15,1,20,38,51,27,82,0,0,0.255,0.323,0.515,0.838,0.351,510.8,11342,2
Austin Barnes,Dodgers,121,399,343,93,21,2,11,47,47,47,63,7,2,0.272,0.367,0.445,0.812,0.351,184.8,12158,4
Trea Turner,Nationals,140,619,569,169,32,10,16,99,65,43,116,57,10,0.297,0.348,0.474,0.822,0.35,5,16252,4
Anthony Gose,Astros,41,173,154,41,8,2,8,24,21,16,39,2,1,0.264,0.338,0.487,0.825,0.35,999,5097,#N/A
Henry Ramos,Dodgers,49,212,187,49,11,1,9,29,28,22,48,3,1,0.262,0.344,0.476,0.82,0.35,999,sa548440,#N/A
Gregory Bird,Yankees,136,515,445,109,26,1,26,68,79,59,119,0,0,0.246,0.338,0.487,0.824,0.349,152.3,14131,4
Zack Cozart,Angels,125,516,459,125,25,4,20,73,60,50,79,3,1,0.273,0.346,0.475,0.821,0.349,223.5,2616,4
Michael Brantley,Indians,111,473,423,128,29,1,12,60,67,40,54,13,2,0.302,0.363,0.461,0.824,0.349,245.1,4106,3
Andrew Benintendi,Red Sox,152,653,572,160,32,4,21,87,90,67,106,19,7,0.281,0.357,0.463,0.82,0.348,42,17901,5
Adam Eaton,Nationals,142,625,549,157,29,7,14,93,59,60,105,14,5,0.286,0.365,0.439,0.805,0.348,153.3,11205,10
A.J. Pollock,Diamondbacks,136,580,528,150,37,6,17,89,62,45,85,27,6,0.284,0.343,0.476,0.819,0.348,63.4,9256,5
Justin Smoak,Blue Jays,151,575,507,130,25,0,29,72,78,63,135,0,0,0.256,0.34,0.479,0.819,0.348,150.3,9054,4
Daniel Nava,Pirates,79,280,240,68,10,2,7,28,28,29,52,2,0,0.282,0.373,0.425,0.798,0.348,695.7,5450,2
Josh Bell,Pirates,151,615,540,146,27,5,23,74,84,67,106,3,3,0.27,0.35,0.468,0.817,0.347,181.9,13145,3
Yasiel Puig,Dodgers,144,560,497,134,24,3,24,71,75,55,103,12,5,0.27,0.344,0.478,0.822,0.347,112,14225,4
Kyle Schwarber,Cubs,124,498,429,99,17,1,29,70,64,62,145,2,1,0.232,0.334,0.479,0.813,0.346,179.2,16478,5
Christian Walker,Diamondbacks,46,134,119,29,7,1,7,14,17,12,35,0,0,0.24,0.321,0.499,0.82,0.346,647.2,13419,0
Neil Walker,,120,491,432,118,20,2,18,63,57,51,88,2,1,0.273,0.354,0.453,0.807,0.345,413.6,7539,4
Nick Castellanos,Tigers,152,633,583,160,35,8,27,71,94,40,140,3,3,0.274,0.323,0.497,0.82,0.344,102.2,11737,4
Ryan Zimmerman,Nationals,127,520,472,127,27,1,26,72,82,39,113,2,1,0.269,0.327,0.491,0.818,0.344,130.1,4220,3
Slade Heathcott,,49,204,182,47,11,1,9,28,27,20,50,3,1,0.257,0.334,0.476,0.81,0.344,999,10336,#N/A
Nick Senzel,Reds,76,335,299,82,18,2,11,47,44,31,67,5,4,0.273,0.343,0.46,0.804,0.344,373.3,sa873264,1
Alex Avila,Diamondbacks,92,340,279,67,11,1,12,35,36,57,112,0,0,0.239,0.37,0.411,0.781,0.343,371.5,7476,2
Colin Moran,Pirates,111,385,346,92,16,5,15,42,49,34,82,1,2,0.265,0.335,0.472,0.806,0.343,462.8,16909,3
Marwin Gonzalez,Astros,130,507,459,129,29,1,18,62,70,37,102,8,4,0.281,0.341,0.466,0.806,0.343,114.5,5497,5
Joc Pederson,Dodgers,116,427,363,85,22,0,19,56,54,56,105,5,3,0.235,0.346,0.454,0.799,0.343,372.5,11899,6
Jordan Patterson,Rockies,29,119,107,29,6,0,5,15,16,9,29,1,1,0.273,0.34,0.46,0.8,0.342,999,15119,1
Travis Shaw,Brewers,149,609,544,143,33,1,27,78,91,56,138,7,1,0.263,0.336,0.475,0.811,0.342,94.3,11982,5
Aaron Altherr,Phillies,123,498,445,116,26,4,20,66,71,42,126,9,4,0.26,0.335,0.471,0.806,0.342,257.9,11270,7
Trey Mancini,Orioles,133,549,503,140,26,4,21,62,71,37,128,2,1,0.279,0.334,0.47,0.804,0.341,154.4,15149,5
Ryan McMahon,Rockies,102,332,295,79,20,2,10,38,42,32,79,3,2,0.268,0.344,0.452,0.796,0.341,353.8,15112,1
Rafael Devers,Red Sox,135,560,513,144,33,2,21,73,75,42,116,5,3,0.281,0.337,0.476,0.812,0.341,125.1,17350,3
Chris Taylor,Dodgers,145,587,529,147,31,6,17,82,63,52,135,17,6,0.278,0.345,0.454,0.799,0.341,91.5,13757,4
Lorenzo Cain,Brewers,142,602,543,160,27,4,13,82,59,49,103,21,4,0.294,0.358,0.433,0.79,0.341,95.1,9077,6
Matt Joyce,Athletics,134,493,418,101,25,1,20,67,61,66,106,2,1,0.241,0.346,0.45,0.796,0.341,498.8,3353,3
Mike Zunino,Mariners,122,451,402,95,22,0,27,52,65,38,154,0,0,0.237,0.315,0.493,0.807,0.341,160,13265,7
Jonathan Schoop,Orioles,157,650,604,170,35,1,29,86,93,30,140,1,1,0.281,0.322,0.486,0.807,0.341,63.1,11265,8
Wil Myers,Padres,153,653,572,145,30,3,29,86,83,70,164,20,6,0.253,0.336,0.467,0.802,0.341,69.4,10047,5
Kyle Seager,Mariners,157,656,586,155,34,1,28,82,92,59,107,3,2,0.264,0.336,0.471,0.807,0.34,137.2,9785,6
Eugenio Suarez,Reds,153,629,547,141,26,2,24,81,79,68,146,5,4,0.258,0.346,0.445,0.791,0.34,191.2,12552,7
Trevor Story,Rockies,137,555,499,125,31,4,27,74,82,49,176,9,3,0.251,0.322,0.489,0.81,0.34,117.5,12564,4
Robinson Cano,Mariners,154,664,608,173,33,0,26,86,95,47,92,1,1,0.285,0.339,0.467,0.806,0.34,83.8,3269,5
Eddie Rosario,Twins,151,608,565,159,32,4,27,81,80,32,123,11,6,0.281,0.316,0.498,0.815,0.34,118.9,12155,2
Robinson Chirinos,Rangers,107,377,327,78,18,1,18,49,45,37,97,1,0,0.24,0.332,0.464,0.796,0.34,260.2,3142,6
Mike Ford,Mariners,67,277,245,63,13,0,11,34,38,28,56,2,0,0.258,0.339,0.451,0.79,0.339,706.2,sa708447,1
Logan Morrison,,129,514,445,107,20,1,26,61,64,61,117,3,1,0.24,0.336,0.466,0.802,0.339,289.9,9205,4
Christian Villanueva,Padres,36,133,123,33,5,0,7,16,19,8,32,1,0,0.268,0.316,0.486,0.802,0.339,677.8,11738,0
Shin-Soo Choo,Rangers,123,527,452,118,19,1,17,76,62,62,113,7,3,0.262,0.358,0.42,0.779,0.339,258.4,3174,9
Mike Moustakas,,141,579,532,142,26,0,31,70,80,37,86,0,1,0.267,0.318,0.492,0.81,0.339,117,4892,6
Cesar Hernandez,Phillies,140,603,533,154,23,7,8,80,42,64,109,17,7,0.289,0.368,0.407,0.775,0.338,256.9,10556,4
Paul DeJong,Cardinals,140,574,535,144,31,1,28,67,77,31,154,2,1,0.268,0.314,0.489,0.804,0.338,148.8,18015,5
Lonnie Chisenhall,Indians,118,422,381,104,25,2,16,47,61,30,82,4,2,0.274,0.331,0.473,0.804,0.338,393.3,7571,3
Adam Lind,,111,372,335,92,18,0,16,46,62,32,66,0,0,0.274,0.336,0.473,0.809,0.338,506,8027,0
Eloy Jimenez,White Sox,44,182,166,46,10,1,6,21,25,13,39,1,1,0.277,0.333,0.459,0.792,0.338,420.3,sa830373,1
Yulieski Gurriel,Astros,138,560,523,152,39,1,17,69,74,26,63,3,2,0.291,0.33,0.468,0.798,0.338,209,19198,6
Mark Reynolds,,133,509,452,117,21,1,22,64,71,53,145,1,2,0.258,0.338,0.45,0.787,0.338,398.6,7619,0
Willie Calhoun,Rangers,111,425,388,106,17,2,18,52,59,30,65,2,1,0.272,0.329,0.463,0.792,0.338,263,17838,4
Avisail Garcia,White Sox,136,548,504,145,23,3,17,67,71,35,116,5,3,0.289,0.343,0.447,0.79,0.337,197.7,5760,7
Lucas Duda,,119,477,413,95,26,0,26,54,65,55,125,0,0,0.23,0.326,0.479,0.805,0.337,446,2502,6
David Peralta,Diamondbacks,135,554,504,143,29,5,14,73,59,40,98,7,3,0.284,0.343,0.446,0.789,0.337,252.2,2136,6
Jay Bruce,Mets,141,588,531,132,28,3,31,73,90,51,131,2,1,0.249,0.316,0.488,0.804,0.337,161.7,9892,3
Yoan Moncada,White Sox,139,574,499,126,23,4,20,80,58,66,168,21,8,0.252,0.345,0.436,0.781,0.337,132.6,17232,5
Nick Delmonico,White Sox,90,361,318,81,16,1,14,45,45,38,76,3,1,0.255,0.339,0.445,0.784,0.337,460.1,13157,4
Yonder Alonso,Indians,138,524,462,123,26,0,18,66,65,58,101,2,1,0.267,0.349,0.438,0.787,0.337,299.9,2530,3
Franklin Gutierrez,,55,179,159,40,9,1,7,23,24,18,44,1,1,0.254,0.333,0.455,0.788,0.337,999,3255,0
Carlos Gonzalez,,131,537,482,130,33,1,19,72,69,48,119,3,1,0.27,0.336,0.461,0.796,0.337,292.1,7287,1
Josh Reddick,Astros,133,532,480,139,28,3,14,69,70,45,72,8,3,0.289,0.347,0.443,0.79,0.337,271.1,3892,1
Joe Mauer,Twins,139,592,519,148,31,2,9,69,64,68,90,2,1,0.286,0.369,0.406,0.775,0.336,394.7,1857,3
Andre Ethier,,76,232,207,54,10,1,10,26,26,22,52,1,1,0.261,0.337,0.465,0.801,0.336,999,6265,0
Stephen Piscotty,Athletics,135,544,476,124,27,2,16,65,65,58,114,5,5,0.262,0.349,0.431,0.779,0.336,292.2,13367,6
Jedd Gyorko,Cardinals,125,486,436,113,17,1,23,55,67,43,106,4,2,0.258,0.325,0.465,0.79,0.335,354.2,10816,3
Dustin Pedroia,Red Sox,107,463,412,121,21,1,9,55,55,44,51,4,3,0.293,0.361,0.413,0.774,0.335,429.1,8370,2
Howie Kendrick,Nationals,96,377,342,99,18,2,8,46,41,28,69,9,3,0.29,0.35,0.426,0.775,0.335,508.1,4229,2
David Dahl,Rockies,103,412,381,107,21,4,13,53,44,27,101,12,4,0.28,0.328,0.457,0.785,0.334,241.2,13744,2
Drew Robinson,Rangers,52,186,165,40,8,1,8,22,24,19,54,2,1,0.243,0.326,0.457,0.783,0.334,668.4,11761,1
Xander Bogaerts,Red Sox,153,659,598,172,33,4,14,94,75,53,114,13,2,0.288,0.351,0.426,0.777,0.334,86,12161,5
Hanley Ramirez,Red Sox,132,550,492,128,24,0,25,66,75,48,109,3,2,0.259,0.332,0.459,0.791,0.334,334.3,8001,5
Ian Happ,Cubs,136,541,480,120,23,3,26,74,80,51,156,11,5,0.25,0.324,0.475,0.799,0.334,137.1,17919,4
Pedro Florimon,Phillies,46,149,136,38,8,2,3,19,18,11,43,1,1,0.281,0.339,0.44,0.778,0.334,999,8385,#N/A
Andrew Toles,Dodgers,71,269,248,68,13,1,10,39,35,17,51,4,3,0.276,0.328,0.46,0.788,0.334,503,13414,2
Matt Kemp,Dodgers,113,453,421,115,24,1,21,51,63,28,102,1,1,0.273,0.316,0.483,0.799,0.334,304.7,5631,0
Chris Iannetta,Rockies,94,357,309,74,18,0,14,37,40,42,93,0,0,0.24,0.336,0.437,0.774,0.334,284.1,8267,2
Teoscar Hernandez,Blue Jays,104,405,368,93,21,2,19,53,48,31,106,8,4,0.254,0.314,0.478,0.792,0.333,326.5,13066,1
Steve Pearce,Blue Jays,93,363,323,83,16,1,15,43,43,31,71,0,1,0.257,0.329,0.455,0.783,0.333,564.4,9957,5
Jeremy Hazelbaker,Diamondbacks,80,244,215,56,9,4,9,32,28,24,68,5,2,0.259,0.335,0.463,0.798,0.333,643.1,9399,1
Corey Dickerson,Rays,138,561,524,141,32,3,24,69,63,32,135,3,2,0.27,0.315,0.48,0.795,0.333,217.1,10762,3
Asdrubal Cabrera,Mets,132,548,494,136,30,1,16,64,60,43,93,3,2,0.275,0.337,0.442,0.779,0.333,307.4,4962,5
John Jaso,,90,317,277,70,21,0,9,31,35,34,66,0,1,0.253,0.343,0.428,0.771,0.333,999,5887,0
Eduardo Nunez,Red Sox,109,458,431,129,26,2,12,56,54,20,59,24,7,0.298,0.332,0.449,0.78,0.332,129.8,6848,2
Tyler Austin,Yankees,61,227,201,50,10,0,11,26,32,21,71,2,1,0.248,0.318,0.47,0.788,0.332,663.7,11850,1
Ryon Healy,Mariners,136,556,525,146,29,0,24,66,72,25,120,0,0,0.278,0.314,0.471,0.785,0.332,193,15447,3
Albert Almora Jr.,Cubs,120,408,380,108,23,2,13,49,50,23,64,3,1,0.283,0.324,0.459,0.783,0.332,372.7,14109,2
Yasmany Tomas,Diamondbacks,114,450,419,110,24,2,22,51,68,27,112,2,1,0.261,0.307,0.482,0.789,0.332,315.3,17171,2
Ronald Acuna,Braves,114,476,434,120,20,4,14,60,57,34,111,21,10,0.277,0.335,0.439,0.774,0.332,125.6,sa877503,3
Nomar Mazara,Rangers,152,636,570,152,28,3,23,74,92,56,126,2,2,0.266,0.335,0.445,0.78,0.332,156.7,14553,6
Brett Phillips,Brewers,77,285,254,67,12,3,10,37,37,26,84,8,2,0.265,0.337,0.452,0.789,0.332,489.9,14735,0
Starling Marte,Pirates,140,596,547,158,26,4,14,81,59,31,115,39,10,0.289,0.343,0.427,0.77,0.332,50.7,9241,14
Matt Adams,Nationals,102,331,304,79,19,0,16,39,52,23,80,0,0,0.261,0.312,0.484,0.797,0.332,472,9393,1
Jose Pirela,Padres,112,452,411,113,27,5,12,55,50,32,83,6,4,0.275,0.329,0.45,0.778,0.332,384.9,5485,3
Jackie Bradley Jr.,Red Sox,141,564,500,127,24,4,21,70,71,52,130,8,3,0.254,0.333,0.444,0.778,0.332,282.2,12984,8
Aaron Hicks,Yankees,127,490,422,107,22,1,17,63,59,57,92,11,5,0.252,0.34,0.431,0.771,0.331,233.3,5297,3
Robbie Grossman,Twins,91,356,303,77,17,1,8,45,35,49,73,3,2,0.254,0.36,0.391,0.751,0.331,637.5,5254,2
Odubel Herrera,Phillies,150,611,561,158,34,4,15,77,58,43,132,15,6,0.283,0.338,0.437,0.776,0.331,213.8,11476,6
Jonathan Lucroy,,116,460,409,113,21,3,11,51,51,42,64,2,1,0.275,0.348,0.425,0.773,0.331,183.4,7870,4
Mike Marjama,Mariners,43,140,131,35,9,0,6,15,16,7,27,1,0,0.263,0.306,0.477,0.784,0.331,733.3,12594,#N/A
Matt Chapman,Athletics,145,586,520,123,32,3,27,72,75,58,168,3,3,0.236,0.315,0.466,0.78,0.331,284.6,16505,4
Wilmer Flores,Mets,124,463,428,116,22,1,22,53,66,24,66,1,1,0.27,0.31,0.478,0.789,0.331,330.3,5827,3
Evan Gattis,Astros,111,437,400,103,22,1,21,54,67,28,86,1,1,0.258,0.311,0.477,0.787,0.331,149.3,11003,4
Luke Voit,Cardinals,72,255,230,60,13,1,9,30,34,21,55,1,0,0.259,0.329,0.441,0.77,0.331,657.4,14811,2
Elvis Andrus,Rangers,154,649,597,172,38,5,14,85,75,42,89,23,9,0.289,0.336,0.437,0.773,0.33,58.2,8709,4
Yasmani Grandal,Dodgers,102,398,350,84,17,0,19,42,52,44,101,0,1,0.239,0.323,0.449,0.773,0.33,228.7,11368,1
Austin Jackson,Giants,96,381,341,97,23,3,6,46,38,33,80,6,2,0.283,0.344,0.422,0.767,0.33,570.5,9848,2
Jean Segura,Mariners,140,619,576,169,32,4,13,88,56,33,91,25,8,0.293,0.34,0.429,0.769,0.33,77.9,5933,7
Steven Souza Jr.,Rays,136,558,486,115,20,1,24,69,67,63,168,13,5,0.238,0.332,0.434,0.766,0.33,184.4,5667,5
Phillip Evans,Mets,51,158,141,38,9,0,4,19,13,14,32,1,0,0.267,0.342,0.418,0.76,0.33,999,12950,#N/A
Max Kepler,Twins,141,563,502,126,29,4,21,69,74,51,108,8,2,0.252,0.324,0.452,0.776,0.33,279.9,12144,4
Tyler Naquin,Indians,53,197,177,48,11,2,5,23,20,17,51,2,2,0.273,0.336,0.436,0.771,0.329,682,13359,0
Ryan Raburn,Nationals,53,179,161,41,7,3,6,20,20,15,52,1,1,0.257,0.324,0.451,0.775,0.329,999,2218,0
Curtis Granderson,Blue Jays,93,369,317,71,16,2,17,50,41,46,84,4,2,0.225,0.328,0.444,0.771,0.329,505.4,4747,4
Adam Frazier,Pirates,98,370,334,95,17,5,5,45,37,30,48,10,5,0.285,0.349,0.412,0.76,0.329,403.2,15223,4
Byron Buxton,Twins,150,584,529,139,22,9,20,82,64,43,170,29,3,0.264,0.323,0.45,0.773,0.329,52.6,14161,5
Scott Schebler,Reds,137,535,480,118,24,3,26,64,70,38,122,6,3,0.246,0.315,0.471,0.786,0.329,283.1,12225,10
Kevin Kiermaier,Rays,134,547,497,133,23,5,18,71,53,40,113,21,7,0.267,0.327,0.443,0.77,0.329,158.2,11038,6
Noel Cuevas,Rockies,29,123,113,31,5,0,4,15,16,8,28,2,0,0.271,0.324,0.444,0.769,0.329,999,sa549566,0
Chris Davis,Orioles,138,578,498,111,19,1,31,76,75,71,198,1,1,0.223,0.323,0.45,0.773,0.329,247.9,9272,5
Victor Robles,Nationals,104,388,349,96,21,6,8,43,33,22,71,15,6,0.274,0.331,0.434,0.765,0.328,307,18363,2
Javier Baez,Cubs,149,555,512,137,26,3,25,77,78,33,152,12,4,0.268,0.317,0.473,0.79,0.328,101.6,12979,6
Devon Travis,Blue Jays,96,405,380,107,29,1,11,52,48,20,78,6,3,0.282,0.32,0.452,0.772,0.328,408.4,13862,3
Mikie Mahtook,Tigers,143,530,487,129,23,6,19,60,55,31,121,10,2,0.265,0.318,0.454,0.772,0.328,335.5,13130,6
Jason Kipnis,Indians,128,553,494,129,34,2,16,70,59,46,109,10,3,0.262,0.328,0.441,0.769,0.328,261.3,9776,5
J.D. Davis,Astros,31,116,104,26,6,0,6,15,15,9,27,1,1,0.25,0.306,0.477,0.783,0.328,636.8,16219,0
Yangervis Solarte,Blue Jays,132,537,490,131,28,1,19,60,70,38,65,2,1,0.268,0.325,0.448,0.773,0.328,272.4,5352,3
Shohei Ohtani,Angels,48,191,171,44,9,1,7,22,26,17,54,1,1,0.256,0.324,0.442,0.766,0.328,72.9,19755,1
Brett Gardner,Yankees,144,640,558,146,25,4,15,87,56,68,115,18,5,0.262,0.347,0.405,0.752,0.327,179.9,9927,6
Clint Frazier,Yankees,66,269,242,61,15,4,9,36,33,24,68,5,1,0.251,0.319,0.451,0.77,0.327,474.7,15983,1
Jake Bauers,Rays,94,389,340,87,19,1,10,49,46,43,80,7,3,0.257,0.344,0.407,0.75,0.327,507.2,sa737848,1
J.T. Realmuto,Marlins,137,567,525,147,30,4,15,64,60,33,102,9,3,0.28,0.328,0.441,0.769,0.327,102.8,11739,5
Scooter Gennett,Reds,136,529,490,133,25,3,19,67,74,32,112,4,2,0.272,0.32,0.451,0.77,0.327,202.4,10339,4
Derek Fisher,Astros,81,321,283,70,13,2,12,43,40,34,86,9,5,0.247,0.332,0.43,0.763,0.327,425.8,16192,2
Jake Cave,Yankees,34,140,127,32,7,0,6,18,17,12,35,1,0,0.248,0.313,0.456,0.769,0.327,999,sa597983,#N/A
Joe Panik,Giants,135,574,508,141,28,5,10,68,58,50,54,4,2,0.278,0.346,0.415,0.761,0.327,380.3,11936,5
Garrett Cooper,Marlins,43,172,156,43,11,1,4,16,21,12,39,1,0,0.275,0.325,0.444,0.77,0.327,660.6,15279,2
Alex Dickerson,Padres,88,342,309,82,19,3,9,45,43,26,63,4,2,0.267,0.329,0.437,0.767,0.327,616.6,12649,2
Pedro Alvarez,,44,164,150,37,7,0,8,19,22,13,45,0,0,0.25,0.312,0.458,0.77,0.326,706,2495,1
Kole Calhoun,Angels,152,645,568,146,27,3,20,80,73,64,129,4,2,0.257,0.337,0.422,0.758,0.326,288.8,11200,6
Seth Smith,,115,420,365,92,20,1,14,55,45,43,88,1,1,0.253,0.337,0.425,0.762,0.326,682.2,7331,5
Hunter Renfroe,Padres,126,509,473,119,27,2,27,60,71,28,135,3,1,0.251,0.299,0.486,0.785,0.326,297.4,15464,3
Jed Lowrie,Athletics,128,544,483,130,34,2,10,65,55,55,87,0,0,0.269,0.344,0.41,0.755,0.326,426.5,4418,3
Kendrys Morales,Blue Jays,140,576,523,133,26,0,25,65,82,44,118,0,0,0.255,0.318,0.448,0.766,0.326,302.9,8610,5
Yandy Diaz,Indians,78,316,276,76,14,1,4,38,28,36,57,3,1,0.277,0.361,0.376,0.737,0.326,500,16578,1
Welington Castillo,White Sox,107,413,379,100,16,0,18,44,59,27,107,0,0,0.264,0.315,0.452,0.767,0.326,171.7,3256,4
Todd Frazier,Mets,143,582,500,111,22,1,28,74,79,69,130,6,3,0.223,0.323,0.437,0.76,0.325,289.4,785,7
Brian Goodwin,Nationals,56,226,203,50,14,1,9,28,24,18,58,5,1,0.247,0.311,0.463,0.774,0.325,563.6,12858,1
Chance Sisco,Orioles,69,252,224,58,12,0,7,27,27,23,62,1,1,0.261,0.338,0.409,0.747,0.325,342.2,15694,2
Brandon Drury,Diamondbacks,119,455,421,115,31,1,13,47,56,27,90,1,1,0.272,0.32,0.444,0.764,0.325,418.8,11615,2
Logan Forsythe,Dodgers,121,488,421,105,22,1,12,62,47,58,109,5,3,0.251,0.346,0.396,0.743,0.325,429.5,7185,5
Kennys Vargas,Twins,69,265,236,57,12,0,12,33,35,25,77,0,0,0.243,0.319,0.443,0.762,0.325,615.4,12101,2
Ozzie Albies,Braves,144,628,568,157,26,10,12,81,59,47,107,23,6,0.276,0.335,0.42,0.754,0.325,139.9,16556,5
Adam Jones,Orioles,147,637,593,162,25,1,27,82,78,30,113,2,1,0.272,0.313,0.453,0.767,0.325,146.4,6368,6
Ender Inciarte,Braves,148,661,607,180,26,6,9,87,50,47,82,21,9,0.297,0.347,0.404,0.751,0.324,119.8,4922,3
Mike Tauchman,Rockies,74,179,158,41,6,2,4,20,19,19,42,4,4,0.26,0.341,0.403,0.744,0.324,999,15274,1
Dominic Smith,Mets,112,466,423,109,22,1,17,52,65,37,98,1,1,0.258,0.32,0.438,0.758,0.324,415.6,15653,1
Danny Valencia,,117,466,423,114,20,2,15,57,57,36,110,2,1,0.269,0.326,0.432,0.758,0.324,607.5,6364,1
Kurt Suzuki,Braves,83,314,285,75,15,0,11,33,44,18,40,0,0,0.264,0.321,0.441,0.761,0.324,355.2,8259,4
Ben Zobrist,Cubs,124,510,443,112,24,2,13,65,55,61,71,3,2,0.252,0.343,0.405,0.747,0.324,453.7,7435,3
Nick Williams,Phillies,118,491,452,121,22,4,17,62,67,27,132,4,3,0.268,0.315,0.449,0.764,0.324,276.4,14330,4
Ian Desmond,Rockies,131,541,491,134,21,2,17,71,65,38,130,16,5,0.272,0.328,0.427,0.756,0.324,113.2,6885,5
Ryan Schimpf,Rays,62,248,212,42,9,1,15,28,31,29,81,1,1,0.199,0.305,0.46,0.765,0.324,651.6,9953,1
Ronald Guzman,Rangers,45,185,167,44,8,1,6,22,22,15,39,1,0,0.261,0.326,0.427,0.753,0.324,666.6,sa659670,0
Tyler O'Neill,Cardinals,38,161,144,35,7,1,7,19,24,15,44,2,1,0.242,0.317,0.439,0.756,0.324,640.4,sa737633,0
Tyler Flowers,Braves,108,406,370,98,19,0,14,41,53,20,105,0,0,0.265,0.322,0.433,0.755,0.323,299.3,9134,9
J.P. Crawford,Phillies,136,565,481,118,24,6,12,64,53,75,103,7,4,0.246,0.346,0.393,0.739,0.323,372.9,15491,2
Derek Dietrich,Marlins,130,465,410,104,22,5,13,53,51,37,99,1,1,0.254,0.332,0.424,0.756,0.323,505.6,10542,13
Chris Young,,82,274,244,60,14,2,9,33,28,27,57,3,1,0.247,0.324,0.428,0.752,0.323,666.2,3882,2
Evan Longoria,Giants,153,657,596,160,36,2,22,72,83,45,114,4,2,0.268,0.319,0.448,0.767,0.323,198.6,9368,5
Brandon Nimmo,Mets,98,366,315,81,16,2,8,42,33,42,88,3,2,0.256,0.346,0.395,0.741,0.323,521.1,12927,3
Tommy La Stella,Cubs,60,200,175,46,10,1,5,22,22,20,31,1,1,0.265,0.339,0.413,0.753,0.323,674.7,12371,1
Brian McCann,Astros,112,441,386,93,13,1,19,53,63,44,75,1,0,0.241,0.327,0.428,0.754,0.323,216,4810,5
Russell Martin,Blue Jays,110,441,376,86,15,0,17,56,51,54,106,2,2,0.228,0.336,0.402,0.738,0.323,320.4,4616,6
Jeimer Candelario,Tigers,126,502,448,119,28,2,13,55,59,46,105,1,1,0.265,0.34,0.421,0.761,0.323,334.9,13621,4
Kolten Wong,Cardinals,139,520,457,124,26,5,8,63,51,46,78,13,3,0.271,0.352,0.401,0.753,0.322,374.3,12532,10
David Wright,Mets,41,183,163,41,10,1,5,22,18,19,46,2,1,0.254,0.332,0.412,0.744,0.322,999,3787,#N/A
Melky Cabrera,,147,628,582,166,33,3,15,71,78,38,71,2,1,0.285,0.327,0.426,0.753,0.322,317.2,4022,2
Gerardo Parra,Rockies,108,427,399,115,26,2,10,54,56,18,71,4,3,0.289,0.321,0.437,0.758,0.322,338.4,8553,2
Denard Span,Rays,120,521,473,128,25,4,11,65,43,41,67,9,5,0.27,0.333,0.411,0.744,0.322,451.7,8347,3
Randal Grichuk,Blue Jays,110,421,392,95,24,3,22,53,58,24,125,5,2,0.242,0.289,0.484,0.772,0.322,324.1,10243,4
Gregory Polanco,Pirates,139,564,510,133,30,2,18,66,65,46,97,16,4,0.261,0.322,0.437,0.759,0.321,159.2,12907,3
Jorge Polanco,Twins,143,598,540,145,31,5,15,65,76,44,89,16,5,0.269,0.323,0.43,0.753,0.321,202.1,13152,3
Raimel Tapia,Rockies,96,338,316,91,18,5,6,44,33,16,63,10,4,0.288,0.326,0.429,0.755,0.321,392.9,14350,2
Mitch Moreland,Red Sox,137,538,483,119,29,0,21,63,72,46,117,0,0,0.247,0.319,0.439,0.758,0.321,398,3086,6
Yunel Escobar,,108,462,422,120,23,1,7,55,38,34,60,1,2,0.284,0.342,0.394,0.736,0.321,656.2,4191,3
Harrison Bader,Cardinals,59,228,206,52,9,1,11,26,23,16,58,5,3,0.251,0.311,0.456,0.767,0.321,556.5,18030,1
Bryce Brentz,Red Sox,51,205,188,49,11,0,7,25,25,15,51,1,1,0.259,0.317,0.433,0.75,0.321,708,10607,1
Jorge Bonifacio,Royals,128,503,457,116,20,2,19,62,54,41,134,2,1,0.253,0.318,0.43,0.748,0.321,400.9,12174,4
Hunter Pence,Giants,122,497,452,122,18,3,14,56,65,40,88,3,2,0.27,0.33,0.416,0.746,0.321,449.5,8252,2
Brandon Guyer,Indians,58,217,193,50,11,1,5,28,23,15,42,2,1,0.258,0.331,0.409,0.74,0.321,717,2636,7
Tim Beckham,Orioles,131,516,477,125,20,5,18,60,55,32,149,5,3,0.263,0.314,0.437,0.751,0.321,266.6,7949,5
Carlos Gomez,,111,445,398,99,24,1,15,51,53,31,128,14,6,0.248,0.319,0.428,0.747,0.321,348.6,4881,6
Hyun Soo Kim,,95,336,294,78,14,3,4,31,21,37,58,1,1,0.267,0.353,0.374,0.727,0.32,715,18718,0
Dilson Herrera,Reds,41,174,158,41,8,2,5,22,20,13,36,3,1,0.261,0.323,0.432,0.755,0.32,709.8,14335,1
Ian Kinsler,Angels,143,632,572,147,26,4,20,90,63,50,90,13,5,0.257,0.323,0.421,0.744,0.32,189.3,6195,7
Matt Holliday,,93,378,332,79,17,0,15,43,54,38,88,1,0,0.238,0.32,0.428,0.748,0.32,669.1,1873,4
Dan Vogelbach,Mariners,107,345,304,73,14,0,12,35,42,38,84,1,0,0.241,0.327,0.41,0.737,0.32,659.8,14130,0
Pat Valaika,Rockies,92,274,255,65,15,1,13,34,40,13,66,3,2,0.256,0.292,0.469,0.76,0.32,565,14885,0
David Freese,Pirates,120,471,412,106,19,0,11,47,51,45,117,0,0,0.257,0.345,0.386,0.731,0.32,625.9,9549,5
C.J. Cron,Angels,119,460,423,109,21,1,19,49,68,25,103,3,2,0.258,0.307,0.447,0.754,0.32,404.6,12546,5
Mike Napoli,,101,407,354,77,12,1,21,51,56,46,126,1,1,0.219,0.313,0.436,0.749,0.319,549.7,3057,3
Jarrett Parker,Giants,82,302,269,66,14,2,10,36,36,29,91,3,2,0.246,0.324,0.423,0.747,0.319,680.7,11624,1
Greg Garcia,Cardinals,95,329,280,73,12,2,4,34,27,40,68,3,2,0.261,0.362,0.356,0.717,0.319,711.5,10951,3
Phillip Ervin,Reds,68,250,220,54,10,1,8,31,29,24,53,11,4,0.244,0.326,0.408,0.735,0.319,645.3,14738,2
Jake Smolinski,Athletics,41,140,125,32,5,1,3,14,13,12,21,1,1,0.258,0.333,0.399,0.732,0.319,600.7,5408,1
Didi Gregorius,Yankees,146,590,550,152,29,1,19,73,80,28,79,4,1,0.276,0.314,0.437,0.751,0.319,113.3,6012,6
Manuel Margot,Padres,142,613,567,153,25,10,16,74,52,39,106,24,9,0.269,0.318,0.429,0.747,0.319,147.2,14712,4
Jonathan Villar,Brewers,122,483,435,114,23,2,12,61,45,43,131,33,11,0.263,0.33,0.409,0.738,0.319,185.7,10071,2
Ketel Marte,Diamondbacks,118,463,419,114,22,5,8,54,37,36,72,13,3,0.273,0.335,0.407,0.742,0.319,353.8,13613,2
Gleyber Torres,Yankees,97,394,354,93,19,2,9,45,44,35,85,11,7,0.263,0.331,0.403,0.734,0.319,278.4,sa830372,3
Miguel Andujar,Yankees,95,360,331,89,21,1,9,37,50,23,58,5,1,0.268,0.319,0.425,0.744,0.319,447.6,15878,3
T.J. Rivera,Mets,61,232,215,62,12,1,5,24,26,9,33,1,0,0.288,0.321,0.427,0.748,0.319,636,12495,1
Tommy Joseph,Phillies,101,390,360,90,19,0,19,42,52,24,89,1,1,0.249,0.297,0.46,0.756,0.318,542.2,10349,1
Whit Merrifield,Royals,153,670,622,173,36,5,16,83,68,35,105,30,9,0.278,0.319,0.427,0.746,0.318,72.8,11281,4
Francisco Cervelli,Pirates,98,380,328,86,15,2,5,40,36,42,77,2,1,0.262,0.353,0.363,0.716,0.318,438,5275,5
Nick Markakis,Braves,151,637,564,153,35,1,9,68,70,65,99,1,1,0.272,0.35,0.384,0.734,0.318,433.2,5930,5
Mike Gerber,Tigers,43,180,164,42,8,1,5,21,20,14,42,3,1,0.258,0.319,0.42,0.739,0.318,707.3,sa550125,1
Josh Harrison,Pirates,130,546,502,138,28,3,12,66,51,24,87,14,5,0.276,0.323,0.418,0.741,0.318,264.8,8202,11
Salvador Perez,Royals,134,540,510,133,26,1,26,59,75,20,104,1,0,0.26,0.293,0.465,0.758,0.317,97.7,7304,5
Tyler White,Astros,42,162,146,36,9,0,6,18,21,13,37,1,1,0.245,0.308,0.437,0.745,0.317,680.8,15564,1
Jose Bautista,,128,548,464,102,23,0,20,74,63,73,126,4,2,0.219,0.329,0.401,0.73,0.317,387.1,1887,0
Nori Aoki,,70,256,230,64,12,2,3,33,21,20,26,7,3,0.28,0.34,0.388,0.728,0.317,677.3,13075,0
Jon Jay,,113,405,362,102,20,2,2,55,30,30,77,5,2,0.282,0.353,0.369,0.722,0.317,625.9,5227,8
Adam Duvall,Reds,144,593,540,131,31,3,27,70,87,36,158,5,3,0.242,0.294,0.463,0.757,0.316,170.9,10950,6
Luis Valbuena,Angels,110,420,361,81,16,0,19,47,58,48,102,1,1,0.224,0.313,0.429,0.742,0.316,541.4,4969,2
Michael Taylor,Nationals,124,472,435,111,22,3,18,57,56,33,146,18,6,0.255,0.307,0.441,0.748,0.316,220.9,11489,2
Dae-Ho Lee,,11,35,32,8,1,0,2,4,5,2,8,0,0,0.253,0.312,0.428,0.74,0.316,999,18722,0
Troy Tulowitzki,Blue Jays,119,454,415,107,19,0,16,48,57,33,82,1,1,0.258,0.315,0.424,0.739,0.316,378.5,3531,4
Jordan Luplow,Pirates,63,242,215,53,10,1,8,27,28,20,52,2,2,0.248,0.316,0.421,0.737,0.316,679,16424,2
Brad Miller,Rays,125,489,426,100,20,4,16,55,56,56,121,6,3,0.234,0.324,0.412,0.736,0.316,458.1,12775,2
Maikel Franco,Phillies,141,576,529,133,27,1,24,65,78,39,90,1,1,0.251,0.305,0.443,0.748,0.316,235.6,12179,4
Brandon Crawford,Giants,148,596,534,139,32,5,15,63,78,49,116,4,3,0.26,0.322,0.424,0.746,0.316,333.4,5343,5
Chad Pinder,Athletics,114,430,394,98,21,2,17,51,54,25,115,3,2,0.248,0.301,0.443,0.744,0.315,445.5,15191,5
Chase Utley,Dodgers,103,373,334,83,19,4,9,47,36,29,64,4,1,0.25,0.322,0.409,0.731,0.315,999,1679,4
Justin Morneau,,7,26,24,7,2,0,1,2,3,2,6,0,0,0.269,0.312,0.434,0.747,0.315,999,1737,0
Mark Trumbo,Orioles,146,599,552,135,23,1,28,77,75,43,150,1,1,0.244,0.3,0.441,0.741,0.315,250.5,6876,2
Jacoby Ellsbury,Yankees,98,386,345,91,17,3,6,53,37,35,59,17,4,0.264,0.337,0.387,0.725,0.315,434.3,4727,2
Sam Travis,Red Sox,25,90,81,21,5,0,2,12,8,8,21,1,0,0.26,0.328,0.398,0.726,0.315,667.8,16263,0
Ezequiel Carrera,Blue Jays,102,305,271,71,10,1,7,39,23,27,71,8,3,0.262,0.332,0.389,0.721,0.315,644.9,9048,2
Marcus Semien,Athletics,143,607,543,134,27,3,19,76,65,55,131,16,3,0.247,0.317,0.415,0.732,0.315,231.1,12533,2
Victor Caratini,Cubs,59,200,181,47,10,1,6,22,20,16,42,1,0,0.259,0.326,0.414,0.741,0.315,526,14968,0
Chris Bostick,Pirates,33,102,91,25,5,0,1,13,8,9,22,2,1,0.269,0.34,0.376,0.716,0.315,680,13718,#N/A
Yadier Molina,Cardinals,125,501,462,129,26,1,11,50,63,30,63,4,2,0.279,0.324,0.413,0.737,0.315,148.7,7007,3
Aledmys Diaz,Blue Jays,82,332,305,81,18,1,10,39,35,20,50,3,2,0.264,0.313,0.428,0.742,0.315,473.9,15937,2
Kyle Farmer,Dodgers,41,102,95,25,5,0,3,10,12,6,19,0,0,0.266,0.317,0.414,0.731,0.315,999,14813,#N/A
Wilson Ramos,Rays,117,450,419,112,17,0,18,44,66,24,74,0,0,0.267,0.306,0.44,0.747,0.314,162.3,1433,2
Johan Camargo,Braves,106,399,370,102,25,4,7,42,41,23,77,1,0,0.276,0.319,0.421,0.741,0.314,443.6,14950,2
Stephen Vogt,Brewers,106,370,337,85,19,1,13,37,46,27,66,0,0,0.251,0.31,0.431,0.74,0.314,340,5000,1
Keon Broxton,Brewers,92,326,287,66,12,2,12,43,34,33,114,18,6,0.23,0.315,0.413,0.728,0.314,308.2,9253,#N/A
Chase Headley,Padres,134,537,475,123,24,1,11,61,53,51,122,6,2,0.26,0.335,0.387,0.722,0.314,410.4,4720,5
Dylan Cozens,Phillies,32,136,122,29,5,0,6,16,17,13,39,2,1,0.234,0.31,0.421,0.731,0.314,695.2,sa657955,#N/A
Jaycob Brugman,Orioles,37,143,130,35,5,0,4,15,14,12,33,2,1,0.27,0.334,0.392,0.726,0.314,677.5,14936,0
Jayson Werth,,95,372,324,75,15,1,12,46,40,43,88,4,2,0.233,0.325,0.397,0.722,0.314,693.8,1327,2
Curt Casali,Rangers,109,322,275,61,10,0,14,35,43,38,90,0,0,0.221,0.316,0.415,0.73,0.314,999,12510,0
Austin Meadows,Pirates,57,238,215,54,12,2,6,29,28,19,46,6,2,0.25,0.317,0.411,0.728,0.314,501.1,sa737440,1
Andrew Knapp,Phillies,62,252,218,55,11,1,5,30,23,30,66,1,0,0.253,0.345,0.383,0.728,0.314,646.1,14942,1
Ben Gamel,Mariners,129,520,472,128,24,6,9,63,54,37,108,7,2,0.27,0.323,0.405,0.728,0.314,428.6,12160,2
Andrelton Simmons,Angels,150,610,559,154,32,2,11,69,62,41,58,15,5,0.276,0.327,0.4,0.727,0.314,197.5,10847,4
Scott Kingery,Phillies,74,311,286,76,15,2,8,39,28,19,61,12,4,0.266,0.316,0.414,0.73,0.313,338.6,sa857705,1
Cory Spangenberg,Padres,122,460,419,110,19,4,11,52,42,33,114,11,4,0.263,0.323,0.4,0.723,0.313,387.6,12294,3
Tucker Barnhart,Reds,120,450,397,105,24,1,8,34,48,44,74,3,1,0.265,0.339,0.391,0.731,0.313,328.4,10200,3
Cam Gallagher,Royals,31,102,93,23,4,0,4,9,13,8,18,0,0,0.25,0.314,0.409,0.724,0.312,999,12981,#N/A
Boog Powell,Athletics,96,347,304,81,13,1,6,48,32,33,67,7,4,0.266,0.338,0.376,0.714,0.312,580.3,15103,1
Brandon Dixon,Reds,38,161,147,38,7,1,5,20,18,11,38,3,2,0.255,0.313,0.414,0.727,0.312,999,sa737637,#N/A
Martin Prado,Marlins,111,474,436,122,25,1,8,48,51,31,63,2,1,0.28,0.329,0.395,0.723,0.312,553.7,3312,3
Jabari Blash,Yankees,58,200,170,38,6,0,6,26,24,27,65,1,1,0.224,0.332,0.375,0.707,0.312,712.6,11247,0
Dalton Pompey,Blue Jays,50,145,131,32,6,0,5,23,15,13,33,9,5,0.243,0.312,0.411,0.723,0.312,999,12797,0
Angel Pagan,,20,87,80,21,4,1,2,10,9,6,14,2,1,0.263,0.319,0.405,0.724,0.312,999,2918,1
Alex Verdugo,Dodgers,86,270,244,61,11,1,8,28,29,23,44,2,3,0.25,0.319,0.401,0.72,0.312,542.3,17027,1
Justin Williams,Rays,38,159,146,37,7,0,5,18,19,12,36,2,1,0.254,0.311,0.413,0.725,0.312,683.2,sa737559,0
Marco Hernandez,Red Sox,72,237,221,61,12,1,5,29,24,13,50,3,2,0.275,0.32,0.401,0.721,0.312,662.4,13154,0
Orlando Arcia,Brewers,155,598,552,151,23,4,15,66,62,39,106,18,7,0.273,0.322,0.411,0.733,0.312,187.8,13185,3
Victor Martinez,Tigers,106,435,394,104,16,0,12,41,52,34,62,0,0,0.264,0.326,0.399,0.726,0.311,547.6,393,4
Danny Jansen,Blue Jays,39,164,148,36,7,0,5,17,19,13,32,1,0,0.244,0.313,0.409,0.722,0.311,641.1,sa738162,2
Addison Russell,Cubs,141,542,488,118,27,3,18,66,71,44,127,4,1,0.242,0.311,0.424,0.735,0.311,256.9,14106,6
Bruce Maxwell,Athletics,112,403,356,90,20,1,8,36,43,42,89,0,0,0.252,0.33,0.383,0.712,0.311,455.7,13866,1
Stephen Drew,,43,153,138,35,8,0,4,18,20,12,29,2,0,0.254,0.313,0.416,0.729,0.311,747,4251,0
Brandon Moss,Athletics,119,443,397,87,17,1,23,50,58,41,135,1,1,0.219,0.293,0.441,0.735,0.311,613,4467,1
Jose Reyes,Mets,101,425,384,97,19,5,11,55,42,35,62,17,4,0.253,0.316,0.409,0.725,0.311,319.2,1736,1
Brandon Phillips,,123,522,493,140,27,1,11,64,55,19,63,10,7,0.284,0.317,0.409,0.726,0.311,383.9,791,5
Daniel Descalso,Diamondbacks,108,358,311,74,14,4,9,42,44,40,77,3,1,0.238,0.327,0.395,0.722,0.311,645.9,8392,1
Enrique Hernandez,Dodgers,102,301,265,60,16,2,10,37,32,32,70,2,1,0.226,0.31,0.418,0.728,0.311,525.2,10472,1
Eric Sogard,Brewers,93,329,288,76,14,2,3,39,25,35,41,5,3,0.264,0.349,0.353,0.703,0.311,618.7,7927,1
Rob Segedin,Dodgers,34,109,99,24,6,2,3,13,13,8,27,1,0,0.248,0.302,0.432,0.735,0.311,999,11446,#N/A
Manny Pina,Brewers,92,336,307,79,19,0,9,37,40,22,66,1,1,0.257,0.312,0.409,0.721,0.31,361.3,2829,2
Ildemaro Vargas,Diamondbacks,41,109,102,28,7,0,2,16,15,7,17,1,0,0.273,0.319,0.4,0.719,0.31,999,13324,0
Dawel Lugo,Tigers,43,183,169,44,9,1,5,20,21,11,32,2,1,0.261,0.309,0.415,0.724,0.31,999,sa659207,#N/A
Jesmuel Valentin,Phillies,56,238,217,55,11,1,6,27,24,19,44,2,1,0.255,0.316,0.403,0.718,0.31,999,sa657867,#N/A
Mark Canha,Athletics,61,242,218,52,13,2,8,27,26,15,63,2,1,0.236,0.3,0.426,0.726,0.31,999,11445,1
Starlin Castro,Marlins,140,585,550,154,25,1,15,64,65,26,110,3,1,0.279,0.315,0.41,0.724,0.31,270.6,4579,4
Mitch Garver,Twins,55,196,174,41,9,2,5,22,21,20,49,1,0,0.234,0.317,0.396,0.713,0.31,572.1,15161,1
A.J. Reed,Astros,64,242,213,48,10,0,9,27,29,26,68,0,0,0.226,0.311,0.405,0.716,0.31,625.5,16246,1
Dustin Fowler,Athletics,107,438,410,107,21,7,11,51,52,21,90,12,5,0.261,0.302,0.426,0.728,0.31,386.7,17098,2
Eduardo Escobar,Twins,122,469,433,109,19,4,16,53,61,29,91,3,2,0.252,0.303,0.426,0.729,0.31,434.9,6153,2
Cameron Rupp,Phillies,77,308,278,65,16,0,12,30,35,26,93,1,0,0.233,0.303,0.426,0.729,0.31,495.1,11146,2
Willy Adames,Rays,48,207,185,47,9,1,5,24,20,19,49,4,1,0.251,0.323,0.388,0.711,0.309,491.9,sa736655,#N/A
Dwight Smith,Blue Jays,35,119,107,28,5,0,2,14,13,11,27,2,0,0.26,0.331,0.374,0.704,0.309,999,13473,0
Efren Navarro,,90,316,281,69,12,2,9,36,27,32,76,1,3,0.245,0.325,0.398,0.723,0.309,999,9854,0
Adrian Gonzalez,Mets,93,373,338,88,21,0,10,34,47,28,66,0,0,0.262,0.317,0.41,0.728,0.309,521.1,1908,2
Adrian Sanchez,Nationals,38,136,125,34,9,1,2,14,17,7,31,2,1,0.271,0.313,0.405,0.719,0.309,999,11338,#N/A
Omar Narvaez,White Sox,83,309,270,72,11,0,3,27,20,35,44,0,0,0.268,0.352,0.343,0.695,0.309,656.9,13338,1
Brett Lawrie,,12,50,46,11,3,0,2,5,5,4,13,1,0,0.25,0.308,0.412,0.72,0.309,999,5247,0
Steven Duggar,Giants,71,297,265,65,14,1,7,32,31,28,70,5,3,0.247,0.321,0.386,0.707,0.308,627.4,sa827165,1
Chris Carter,,47,168,147,30,5,1,9,19,22,18,59,0,0,0.206,0.296,0.426,0.722,0.308,999,9911,0
Delino DeShields,Rangers,139,537,465,120,20,3,7,87,34,54,125,32,10,0.258,0.338,0.358,0.696,0.308,215.6,11379,5
James McCann,Tigers,108,411,375,95,15,2,13,38,50,25,98,1,0,0.252,0.308,0.407,0.715,0.308,304.9,12859,5
Jason Heyward,Cubs,122,520,467,119,21,3,11,60,55,46,76,8,4,0.256,0.325,0.381,0.706,0.307,406.6,4940,3
Travis d'Arnaud,Mets,104,393,358,89,18,1,14,40,47,28,67,0,0,0.248,0.306,0.417,0.722,0.307,291,7739,3
Miguel Montero,Nationals,59,223,196,46,9,0,8,25,22,22,51,1,0,0.236,0.318,0.399,0.716,0.307,674.8,3364,1
Victor Reyes,Tigers,44,187,173,45,8,1,4,20,20,12,37,4,2,0.262,0.313,0.398,0.711,0.307,685.3,sa657236,#N/A
Zack Granite,Twins,46,174,155,41,6,1,3,22,20,15,26,5,3,0.262,0.328,0.374,0.702,0.307,632.3,15343,1
Craig Gentry,,63,173,152,37,7,1,5,21,18,15,39,5,3,0.242,0.313,0.397,0.709,0.307,999,9571,#N/A
Jason Castro,Twins,111,409,360,83,21,1,11,47,43,44,117,1,1,0.23,0.318,0.386,0.704,0.307,376.7,8722,3
Rougned Odor,Rangers,152,616,576,138,26,4,29,79,80,28,138,15,6,0.239,0.282,0.451,0.733,0.307,108.9,12282,7
Chris Herrmann,Diamondbacks,75,350,311,71,12,2,12,43,42,36,87,6,1,0.229,0.31,0.398,0.708,0.307,509.5,9284,0
Carlos Tocci,Rangers,44,186,169,43,8,0,5,23,22,15,40,1,0,0.257,0.318,0.388,0.706,0.307,999,sa660101,#N/A
Carlos Asuaje,Padres,90,374,335,88,16,3,5,38,31,32,70,3,1,0.263,0.331,0.367,0.698,0.307,604,15197,3
Matt Duffy,Rays,96,392,359,98,17,2,6,44,42,24,63,8,3,0.273,0.323,0.384,0.706,0.307,480.5,13836,4
O'Koyea Dickson,,68,158,133,29,5,0,4,13,13,24,35,1,0,0.22,0.341,0.359,0.7,0.307,999,12677,#N/A
Tzu-Wei Lin,Red Sox,35,125,111,29,5,2,1,15,10,12,25,2,1,0.261,0.332,0.366,0.698,0.307,646.8,14678,#N/A
Anthony Alford,Blue Jays,43,152,137,33,9,0,4,16,13,13,36,4,2,0.241,0.311,0.397,0.708,0.306,541.9,14329,0
Mauricio Dubon,Brewers,30,124,115,30,5,0,3,14,13,9,23,3,1,0.259,0.311,0.4,0.711,0.306,657.8,sa738378,#N/A
Hernan Perez,Brewers,111,398,374,100,18,3,12,42,46,17,74,18,5,0.267,0.298,0.425,0.723,0.306,369.4,5751,1
Chris Owings,Diamondbacks,117,466,437,117,26,5,11,50,54,21,100,16,3,0.267,0.301,0.422,0.723,0.306,228.1,10030,2
Anthony Santander,Orioles,36,132,121,31,7,0,4,13,16,7,32,1,0,0.26,0.302,0.419,0.721,0.306,696,14551,1
Dee Gordon,Mariners,153,676,637,190,21,9,2,99,38,28,95,57,16,0.298,0.333,0.371,0.704,0.306,28.4,8203,5
Max Moroff,Pirates,59,206,176,40,7,2,5,24,23,25,54,2,2,0.226,0.325,0.37,0.695,0.306,693.9,14556,1
Geovany Soto,,63,247,220,51,8,0,10,27,33,19,62,0,0,0.232,0.3,0.415,0.715,0.306,999,3707,0
Jorge Soler,Royals,99,362,317,72,14,0,13,40,41,39,102,1,0,0.227,0.313,0.399,0.712,0.306,454.2,14221,5
Nick Hundley,Giants,62,242,225,57,16,0,7,23,29,14,59,1,0,0.253,0.298,0.424,0.722,0.306,509,3376,#N/A
Christian Vazquez,Red Sox,100,369,342,93,19,2,5,43,35,22,69,5,2,0.273,0.322,0.382,0.704,0.306,287.7,9774,4
Colby Rasmus,,93,360,328,77,13,2,17,38,50,27,109,3,1,0.235,0.292,0.437,0.729,0.305,665.8,9893,0
Carlos Ruiz,,46,177,156,38,9,0,4,19,18,15,40,1,0,0.242,0.32,0.381,0.701,0.305,999,2579,0
Devin Mesoraco,Reds,57,215,190,44,9,1,7,21,26,19,47,1,0,0.23,0.312,0.39,0.701,0.305,496.3,5666,3
Melvin Upton Jr.,Indians,67,282,258,64,10,3,9,31,33,20,74,11,5,0.249,0.303,0.415,0.719,0.305,999,5015,#N/A
Kelby Tomlinson,Giants,71,202,178,47,6,2,2,25,13,20,36,7,2,0.266,0.341,0.356,0.697,0.305,690.2,13005,#N/A
Lane Adams,Braves,81,232,210,51,9,2,7,28,26,18,68,10,3,0.244,0.308,0.399,0.707,0.305,588.5,10767,#N/A
Austin Slater,Giants,57,225,206,55,9,1,4,24,26,16,51,1,1,0.264,0.321,0.379,0.7,0.305,666.1,16153,0
Rafael Lopez,,43,131,117,26,5,0,6,16,19,12,36,0,0,0.22,0.297,0.413,0.71,0.305,999,sa550239,#N/A
James Loney,,15,63,58,16,3,0,1,6,7,4,7,0,0,0.274,0.324,0.385,0.708,0.305,999,4556,1
Bradley Zimmer,Indians,136,523,463,112,21,3,12,64,59,48,150,27,6,0.242,0.319,0.383,0.702,0.305,203.6,16221,6
Brett Nicholas,Rangers,38,144,133,33,8,0,5,16,19,9,33,0,0,0.245,0.298,0.412,0.71,0.305,685.1,11192,#N/A
Gregor Blanco,Giants,65,247,217,54,10,3,3,34,17,28,52,11,2,0.247,0.334,0.36,0.694,0.305,722.3,3123,0
Andres Blanco,Giants,64,196,176,42,9,1,6,21,22,16,42,2,1,0.241,0.309,0.395,0.704,0.305,999,1907,1
Renato Nunez,Athletics,36,117,107,24,4,0,5,12,16,8,33,0,0,0.227,0.29,0.422,0.712,0.305,707.8,14503,#N/A
Jorge Alfaro,Phillies,85,341,317,82,16,1,11,35,39,15,104,1,1,0.259,0.304,0.423,0.728,0.305,248.5,12180,#N/A
Jefry Marte,Angels,46,178,159,35,8,0,7,19,23,14,39,2,1,0.223,0.295,0.415,0.711,0.304,999,5107,1
Kevin Pillar,Blue Jays,143,574,535,141,34,2,12,65,48,28,87,14,5,0.264,0.305,0.404,0.71,0.304,325.9,12434,5
Amed Rosario,Mets,134,543,510,138,21,8,10,58,49,25,120,18,8,0.27,0.31,0.398,0.708,0.304,232.7,15518,#N/A
Cheslor Cuthbert,Royals,112,417,386,100,21,1,10,41,47,28,82,2,1,0.258,0.309,0.396,0.705,0.304,578.4,10473,2
Jake Marisnick,Astros,96,300,272,64,14,1,11,45,33,20,91,11,4,0.235,0.295,0.418,0.712,0.304,521.7,11339,#N/A
Roman Quinn,Phillies,35,152,135,34,6,2,3,19,13,13,37,7,3,0.25,0.32,0.375,0.695,0.304,646.6,13546,#N/A
Sean Rodriguez,Pirates,76,220,193,44,8,1,8,27,22,20,68,2,1,0.226,0.311,0.392,0.703,0.304,614.1,6589,4
Jose Osuna,Pirates,49,170,157,39,10,2,5,20,21,9,32,1,1,0.246,0.291,0.426,0.717,0.304,648.7,12937,1
Matt Szczur,Padres,59,182,158,37,9,1,3,19,13,19,36,2,1,0.233,0.325,0.364,0.689,0.304,999,11255,#N/A
Jordy Mercer,Pirates,140,543,490,125,24,4,12,56,55,46,85,1,2,0.255,0.322,0.392,0.714,0.304,507.1,6547,3
Greg Allen,Indians,64,195,174,43,8,1,4,24,19,15,38,11,3,0.248,0.316,0.38,0.697,0.303,623.4,16623,#N/A
Tomas Nido,Mets,29,99,92,24,6,0,2,7,16,5,20,0,0,0.258,0.3,0.407,0.707,0.303,999,13755,#N/A
Charlie Tilson,White Sox,61,255,234,62,11,1,4,30,25,18,50,6,1,0.267,0.321,0.373,0.694,0.303,456,12983,#N/A
Abraham Almonte,Indians,94,340,305,76,19,4,6,42,32,27,77,7,2,0.249,0.311,0.393,0.704,0.303,999,5486,1
Ehire Adrianza,Twins,83,299,263,68,13,2,6,37,34,23,49,11,3,0.257,0.318,0.386,0.703,0.303,671.3,8418,1
Hunter Dozier,Royals,49,199,180,43,9,0,6,22,21,16,53,2,1,0.239,0.304,0.396,0.7,0.303,581.2,15117,#N/A
John Hicks,Tigers,62,233,215,53,13,0,7,27,26,14,60,3,2,0.248,0.299,0.407,0.706,0.302,634,12547,#N/A
Rickie Weeks Jr.,,20,49,42,9,2,0,1,6,5,5,17,1,0,0.22,0.319,0.365,0.683,0.302,999,1849,#N/A
Kelly Johnson,,16,40,37,9,2,0,1,3,4,3,8,0,0,0.25,0.307,0.398,0.705,0.302,999,2234,0
Mallex Smith,Rays,89,339,306,79,11,5,4,42,23,28,73,22,9,0.26,0.324,0.366,0.69,0.302,352.8,13608,#N/A
Socrates Brito,Diamondbacks,59,233,217,52,10,3,8,27,28,14,55,4,1,0.241,0.288,0.423,0.711,0.302,700.7,12944,#N/A
Michael Saunders,,87,333,303,70,15,2,12,41,33,27,81,2,1,0.232,0.297,0.412,0.709,0.302,999,9981,0
Ichiro Suzuki,,64,190,171,44,7,1,3,20,17,16,29,2,1,0.259,0.325,0.365,0.69,0.302,999,1101,0
Willy Garcia,White Sox,58,218,194,47,10,3,5,25,23,17,60,2,1,0.242,0.303,0.403,0.706,0.301,999,12956,2
Alex Presley,,78,299,277,75,10,3,5,31,23,19,57,5,2,0.269,0.317,0.378,0.695,0.301,678.6,5305,0
Lewis Brinson,Marlins,155,579,524,125,24,5,19,64,63,46,138,11,5,0.239,0.305,0.412,0.717,0.301,314.5,14352,3
Byung-ho Park,,7,28,25,6,1,0,1,3,4,2,9,0,0,0.221,0.288,0.418,0.706,0.301,999,18497,0
Shane Peterson,Padres,11,30,27,7,2,0,1,3,3,2,7,0,0,0.245,0.308,0.388,0.696,0.301,999,7423,0
Albert Pujols,Angels,139,585,539,134,17,0,23,59,89,38,80,2,1,0.248,0.299,0.41,0.709,0.3,318.2,1177,3
Mac Williamson,Giants,39,136,122,28,4,0,5,14,15,11,39,1,1,0.231,0.305,0.394,0.699,0.3,999,14158,#N/A
Eric Young,Angels,66,165,147,35,6,0,5,29,17,12,34,12,3,0.238,0.309,0.381,0.69,0.3,679.3,7158,#N/A
Roberto Perez,Indians,82,306,266,58,13,1,10,30,39,33,83,1,1,0.218,0.305,0.385,0.691,0.3,578,2900,1
Braxton Lee,Marlins,72,301,272,68,12,1,6,31,30,24,63,6,3,0.249,0.314,0.374,0.688,0.3,650.4,sa829053,#N/A
Gorkys Hernandez,Giants,69,231,206,53,12,1,2,27,18,21,47,7,3,0.258,0.33,0.353,0.683,0.3,732,4146,1
Austin Hays,Orioles,109,426,398,101,19,3,14,44,57,19,87,3,2,0.253,0.288,0.421,0.709,0.3,349.1,19363,3
Miguel Rojas,Marlins,104,361,325,89,19,2,2,41,29,27,42,3,2,0.273,0.333,0.361,0.694,0.3,695.4,7802,2
Blake Swihart,Red Sox,39,125,110,27,4,1,2,14,11,13,32,1,0,0.247,0.328,0.35,0.678,0.3,545.2,13176,#N/A
Jurickson Profar,Rangers,92,348,302,73,12,1,5,41,31,36,58,3,2,0.242,0.328,0.345,0.673,0.299,549.2,10815,2
Cameron Maybin,,101,418,370,88,18,3,8,58,38,43,82,24,7,0.237,0.318,0.365,0.682,0.299,385.4,5223,2
Dansby Swanson,Braves,134,533,470,118,23,3,8,61,54,56,112,6,3,0.251,0.331,0.364,0.695,0.299,382.1,18314,3
Tim Anderson,White Sox,145,612,587,157,27,6,15,74,51,17,159,19,4,0.267,0.29,0.412,0.702,0.299,197.6,15172,4
Steve Clevenger,,19,75,68,17,3,0,1,7,8,6,13,1,0,0.253,0.318,0.363,0.682,0.298,999,9542,1
Justin Ruggiano,,7,21,20,5,1,0,1,2,2,1,6,0,0,0.239,0.284,0.414,0.698,0.297,999,7620,#N/A
Max Stassi,Astros,44,150,131,29,6,0,5,19,17,14,38,0,0,0.224,0.3,0.39,0.69,0.297,679.4,10059,#N/A
Michael Morse,,49,145,128,30,6,0,4,12,16,13,37,0,0,0.231,0.301,0.387,0.688,0.297,999,3035,0
Jarrod Dyson,,80,284,254,65,10,4,2,39,24,20,39,21,6,0.257,0.323,0.356,0.679,0.297,423.9,4866,5
Guillermo Heredia,Mariners,96,350,313,80,13,0,5,39,25,27,51,2,3,0.254,0.326,0.344,0.671,0.297,678.1,18721,4
Erik Gonzalez,Indians,46,133,125,32,6,1,3,17,13,6,36,3,2,0.257,0.293,0.401,0.694,0.297,665.3,13369,#N/A
Hanser Alberto,,37,148,136,34,7,0,4,16,18,8,29,2,1,0.248,0.294,0.397,0.691,0.297,999,11902,#N/A
Raudy Read,Nationals,34,98,91,23,3,0,2,10,9,6,22,0,0,0.256,0.304,0.379,0.683,0.296,999,15766,#N/A
Matt Davidson,White Sox,129,504,464,102,19,1,25,50,70,30,178,0,0,0.221,0.273,0.428,0.7,0.296,452.6,7226,#N/A
Magneuris Sierra,Marlins,71,267,247,66,9,2,3,31,25,17,57,8,4,0.269,0.319,0.356,0.675,0.296,542.6,17023,#N/A
Francisco Mejia,Indians,81,265,244,63,12,1,7,25,33,16,46,2,1,0.257,0.309,0.391,0.7,0.296,344.2,16403,1
Preston Tucker,Braves,53,219,198,44,9,2,7,23,23,18,52,2,0,0.224,0.294,0.39,0.684,0.296,672.1,13633,1
Cliff Pennington,Reds,91,316,282,71,10,2,6,34,30,26,84,3,2,0.253,0.315,0.363,0.678,0.296,999,3395,#N/A
Kaleb Cowart,Angels,62,215,194,46,10,1,5,25,21,16,50,5,2,0.239,0.303,0.383,0.686,0.295,644.3,11494,#N/A
Trayce Thompson,Dodgers,39,139,125,27,6,1,5,16,15,13,39,2,0,0.215,0.291,0.406,0.697,0.295,726,9952,#N/A
Miguel Gomez,Giants,41,123,115,31,7,1,2,13,12,6,20,1,0,0.264,0.299,0.389,0.688,0.295,999,17075,0
Joey Rickard,Orioles,88,299,273,70,15,1,4,33,23,18,62,8,2,0.257,0.31,0.366,0.677,0.295,708.9,13277,3
Gift Ngoepe,Blue Jays,38,131,116,27,5,1,3,16,13,13,40,1,0,0.232,0.309,0.363,0.672,0.295,999,10340,#N/A
Leury Garcia,White Sox,95,372,346,88,15,2,8,41,34,17,81,10,6,0.255,0.299,0.383,0.683,0.295,509.7,5913,2
Daniel Robertson,,57,217,189,44,8,2,4,21,18,20,48,1,1,0.235,0.317,0.354,0.671,0.294,999,6266,3
Kevin Plawecki,Mets,66,252,226,55,11,0,6,23,27,20,45,1,0,0.245,0.313,0.376,0.689,0.294,556.3,13807,2
Josh Rutledge,Giants,49,174,157,39,7,1,3,21,17,14,42,2,1,0.248,0.316,0.353,0.669,0.294,999,11167,#N/A
Luis Guillorme,Mets,32,141,129,33,4,1,2,15,13,10,24,2,0,0.257,0.314,0.358,0.671,0.294,999,sa737882,#N/A
Brett Wallace,Padres,14,29,25,5,1,0,1,2,3,3,9,0,0,0.208,0.317,0.353,0.669,0.294,999,8434,0
Chris Gimenez,Cubs,44,164,139,29,5,0,4,18,13,21,45,1,0,0.207,0.318,0.338,0.656,0.294,999,7324,#N/A
Christian Arroyo,Rays,87,362,334,82,18,1,10,37,41,22,73,3,3,0.246,0.297,0.393,0.69,0.294,517.6,16434,1
Carson Kelly,Cardinals,61,208,189,45,10,0,5,20,22,16,36,0,0,0.239,0.306,0.364,0.671,0.294,535.8,13620,1
Ronald Torreyes,Yankees,91,309,289,80,14,2,3,33,30,13,37,3,1,0.277,0.307,0.374,0.68,0.293,492.7,11400,#N/A
Patrick Kivlehan,Reds,56,178,159,35,6,1,7,20,21,16,50,2,1,0.219,0.292,0.393,0.684,0.293,678.8,13910,#N/A
Jesus Sucre,Rays,47,179,165,42,7,0,5,17,21,8,34,2,0,0.255,0.294,0.391,0.685,0.293,655.2,5942,#N/A
Joey Wendle,Rays,37,141,129,34,6,0,3,16,18,10,27,2,0,0.26,0.311,0.385,0.696,0.293,688.8,13853,#N/A
Franchy Cordero,Padres,66,264,245,59,9,5,7,30,24,14,81,5,2,0.242,0.287,0.399,0.686,0.293,551.4,14567,#N/A
Richard Urena,Blue Jays,40,166,153,38,10,1,3,15,15,10,39,1,1,0.248,0.297,0.383,0.68,0.293,692,16411,#N/A
Adonis Garcia,Braves,78,312,295,75,13,0,9,33,33,13,48,4,1,0.255,0.291,0.392,0.683,0.293,654.8,13777,1
Jace Peterson,Yankees,73,268,232,54,10,2,3,25,22,32,53,5,2,0.232,0.326,0.34,0.666,0.293,999,12325,0
Cesar Puello,Diamondbacks,93,309,274,64,8,1,8,42,32,29,82,9,1,0.232,0.312,0.35,0.663,0.293,999,7216,0
Tom Murphy,Rockies,89,306,283,64,15,1,13,33,41,19,96,1,1,0.227,0.28,0.425,0.705,0.292,443,13499,1
Ryan Rua,Rangers,60,209,189,44,8,1,6,26,21,16,66,4,1,0.231,0.298,0.376,0.674,0.292,703.1,12409,#N/A
Rio Ruiz,Braves,72,272,239,54,10,2,7,29,30,28,67,2,1,0.225,0.306,0.368,0.674,0.292,665.2,14103,1
Alex Gordon,Royals,136,528,462,103,20,2,12,55,48,49,130,6,3,0.224,0.313,0.355,0.667,0.292,524.6,5209,10
Bryan Holaday,Marlins,38,137,128,32,8,2,2,12,14,6,25,0,0,0.25,0.288,0.397,0.685,0.292,999,11287,#N/A
Sandy Leon,Red Sox,67,251,226,55,11,0,6,26,29,20,61,0,0,0.242,0.305,0.369,0.674,0.292,543.2,5273,#N/A
Yolmer Sanchez,White Sox,133,506,463,115,21,5,11,55,53,29,108,7,5,0.249,0.297,0.385,0.682,0.292,425,11602,#N/A
Bubba Starling,Royals,43,177,163,39,8,1,5,19,19,12,42,2,1,0.238,0.295,0.38,0.675,0.292,999,sa597751,#N/A
Michael Bourn,,14,51,46,12,2,1,1,6,4,4,11,2,1,0.26,0.313,0.355,0.668,0.292,999,6387,#N/A
Rajai Davis,,96,346,319,80,17,3,5,48,24,23,73,27,7,0.25,0.303,0.37,0.673,0.292,530.6,3708,#N/A
Jacob Stallings,Pirates,25,101,92,23,6,0,2,10,11,7,21,1,0,0.25,0.31,0.374,0.684,0.291,999,13723,#N/A
Dusty Coleman,Padres,8,20,19,4,1,0,1,2,3,1,9,0,0,0.22,0.257,0.439,0.695,0.291,999,8979,#N/A
Trevor Plouffe,Rangers,76,300,272,64,10,1,9,31,30,25,71,1,1,0.234,0.298,0.375,0.673,0.291,707.2,7462,0
Nick Ahmed,Diamondbacks,77,301,278,68,13,2,8,36,32,18,59,7,4,0.243,0.293,0.396,0.689,0.291,679.8,12147,#N/A
Wilmer Difo,Nationals,100,349,319,84,12,3,5,45,26,23,66,16,2,0.265,0.314,0.365,0.68,0.291,440.9,14320,#N/A
Daniel Palka,White Sox,38,149,133,30,4,0,4,20,19,15,38,1,0,0.229,0.309,0.349,0.658,0.29,999,sa549449,#N/A
Ramon Torres,Royals,41,148,138,36,7,0,2,16,12,8,24,3,1,0.261,0.307,0.359,0.666,0.29,669,14113,#N/A
Jose Iglesias,Tigers,134,511,476,125,29,1,5,55,45,25,60,8,5,0.263,0.305,0.363,0.668,0.29,526.6,10231,4
Clint Robinson,,13,29,25,6,1,0,1,2,3,3,5,0,0,0.241,0.314,0.349,0.663,0.29,999,6908,#N/A
Tyler Collins,Royals,90,337,305,68,11,2,11,35,34,29,89,3,2,0.224,0.292,0.377,0.67,0.29,999,12723,#N/A
Ben Revere,,96,350,328,91,13,4,1,42,26,16,33,21,6,0.278,0.313,0.353,0.666,0.29,521.5,4712,#N/A
Matt Wieters,Nationals,109,423,383,90,17,0,12,41,49,33,84,1,0,0.236,0.298,0.372,0.671,0.289,326.3,4298,2
Freddy Galvis,Padres,143,581,538,134,24,4,13,60,56,33,108,13,5,0.249,0.295,0.38,0.675,0.289,367,6609,#N/A
Austin Hedges,Padres,113,406,376,86,18,0,17,40,55,21,105,3,1,0.229,0.273,0.413,0.687,0.289,269.5,12976,#N/A
Andrew Stevenson,Nationals,43,139,123,28,6,0,3,15,12,13,33,3,1,0.231,0.307,0.349,0.656,0.289,999,17932,#N/A
Gavin Cecchini,Mets,40,140,129,32,7,0,3,14,15,9,26,1,1,0.246,0.303,0.368,0.671,0.289,999,17005,#N/A
Hector Sanchez,Giants,60,175,164,38,7,0,7,16,25,9,46,0,0,0.23,0.274,0.409,0.682,0.289,690.6,10289,#N/A
Rey Fuentes,Diamondbacks,45,158,146,37,5,1,3,17,13,10,36,5,2,0.25,0.301,0.362,0.664,0.289,677,10329,0
Juan Lagares,Mets,105,374,344,85,18,3,7,43,26,20,74,9,4,0.248,0.294,0.377,0.671,0.289,623.2,5384,#N/A
Franklin Barreto,Athletics,85,335,311,75,13,4,7,40,32,20,93,7,3,0.242,0.291,0.378,0.669,0.289,457.4,15519,#N/A
Jim Adduci,Tigers,9,28,25,6,1,0,0,4,3,3,8,1,0,0.223,0.303,0.352,0.655,0.288,999,6448,0
Ryan Flaherty,Phillies,52,166,149,34,7,0,4,18,17,14,41,1,0,0.229,0.302,0.355,0.657,0.288,999,7888,#N/A
Ty Kelly,Mets,22,34,29,6,2,0,1,4,4,4,7,0,0,0.21,0.298,0.362,0.66,0.288,999,7740,#N/A
Kevan Smith,White Sox,65,243,226,58,12,0,4,21,25,12,44,0,0,0.257,0.298,0.365,0.663,0.287,588,12284,1
Tomas Telis,Marlins,39,130,120,30,5,1,2,13,13,8,20,0,0,0.25,0.299,0.366,0.665,0.287,660,10067,#N/A
Brock Holt,Red Sox,62,232,204,49,9,0,2,27,18,22,45,3,1,0.241,0.319,0.325,0.644,0.287,685.3,9345,0
Yan Gomes,Indians,84,316,289,64,14,0,11,33,40,19,83,0,0,0.222,0.282,0.383,0.665,0.287,389.1,9627,4
Prince Fielder,,12,49,44,10,2,0,1,4,6,4,8,0,0,0.227,0.305,0.356,0.661,0.287,999,4613,0
Rafael Bautista,Nationals,38,116,106,26,4,0,2,13,11,9,22,2,0,0.242,0.306,0.345,0.651,0.286,999,15769,#N/A
Alejandro De Aza,,55,196,172,39,8,3,4,23,22,16,45,3,1,0.227,0.297,0.375,0.672,0.286,999,3371,2
Jose Rondon,White Sox,26,112,104,26,6,0,1,11,10,7,21,1,0,0.25,0.298,0.36,0.658,0.286,999,14140,#N/A
Caleb Joseph,Orioles,70,242,226,54,11,1,7,26,24,12,59,0,0,0.239,0.283,0.383,0.666,0.286,484.5,7087,#N/A
Dustin Garneau,Athletics,32,117,106,23,6,0,3,11,12,10,30,0,0,0.219,0.289,0.373,0.662,0.286,712,9433,#N/A
Rene Rivera,Angels,54,208,190,44,7,0,7,18,27,13,56,0,1,0.231,0.289,0.382,0.671,0.286,634.2,3648,#N/A
Coco Crisp,,14,56,50,11,3,0,1,6,6,5,9,1,0,0.222,0.293,0.366,0.659,0.286,999,1572,0
Cam Perkins,Mariners,53,178,159,36,9,1,4,20,20,11,40,1,1,0.227,0.29,0.372,0.662,0.286,999,13444,0
Tyler Wade,Yankees,55,187,170,39,9,1,4,22,16,15,43,5,2,0.229,0.297,0.355,0.652,0.286,650.7,15730,#N/A
Shawn O'Malley,Rockies,10,26,24,5,1,0,1,4,3,2,6,1,0,0.227,0.299,0.351,0.65,0.286,999,9629,0
Adeiny Hechavarria,Rays,128,474,446,114,17,6,8,49,40,23,78,6,2,0.256,0.293,0.376,0.669,0.285,541.6,10459,#N/A
Drew Butera,Royals,54,157,143,34,6,1,3,17,14,10,38,0,0,0.241,0.299,0.352,0.651,0.285,681.2,3411,#N/A
Josh Phegley,Athletics,50,170,157,35,11,0,4,18,16,10,28,0,0,0.227,0.282,0.379,0.661,0.285,616.8,9308,2
Cole Gillespie,,18,62,56,13,3,1,1,6,6,5,14,1,0,0.239,0.297,0.36,0.657,0.285,999,5888,#N/A
Paulo Orlando,Royals,109,400,380,98,18,2,6,42,36,12,92,8,3,0.259,0.291,0.369,0.66,0.285,681.2,8628,#N/A
Kirk Nieuwenhuis,Mariners,19,45,38,7,2,0,1,5,4,6,18,1,1,0.173,0.301,0.332,0.633,0.285,999,6400,#N/A
Jose Peraza,Reds,117,459,432,116,12,4,5,46,38,18,60,23,8,0.27,0.307,0.351,0.658,0.285,204.8,13593,5
Taylor Motter,Mariners,92,333,304,69,15,0,9,34,32,25,69,11,3,0.228,0.287,0.37,0.657,0.284,611.7,12399,1
Peter Bourjos,Cubs,111,370,344,82,18,6,7,44,27,19,93,7,6,0.238,0.281,0.388,0.669,0.284,999,2578,#N/A
Tony Kemp,Astros,33,117,106,26,3,1,1,14,11,10,19,2,0,0.244,0.31,0.332,0.642,0.284,708,14894,0
A.J. Ellis,Padres,40,152,134,29,6,0,4,11,11,13,27,1,1,0.217,0.3,0.346,0.645,0.284,999,5677,1
Tim Locastro,Dodgers,50,101,91,20,5,0,2,11,11,7,18,12,1,0.224,0.292,0.357,0.649,0.284,633.1,15124,#N/A
Jacob Hannemann,Cubs,49,149,137,29,4,0,7,21,15,9,34,1,3,0.211,0.267,0.395,0.662,0.283,999,15644,#N/A
Dixon Machado,Tigers,105,369,335,85,14,2,3,36,27,25,64,5,2,0.253,0.309,0.334,0.643,0.283,579.3,11472,3
Dioner Navarro,,24,94,86,20,3,0,2,9,10,7,19,1,0,0.232,0.289,0.365,0.655,0.283,999,3179,#N/A
Juan Centeno,Rangers,34,125,114,28,5,0,2,12,13,9,25,0,0,0.246,0.301,0.356,0.657,0.283,999,7168,#N/A
Samir Duenez,Royals,9,35,33,8,1,0,1,4,4,2,7,1,0,0.244,0.291,0.358,0.649,0.283,999,sa739574,#N/A
Pablo Sandoval,Giants,80,311,288,68,13,0,9,30,34,18,56,0,0,0.235,0.28,0.379,0.659,0.283,672.7,5409,0
Giovanny Urshela,Indians,55,208,194,47,10,1,4,20,21,11,33,0,0,0.244,0.29,0.361,0.651,0.282,999,10681,#N/A
Micah Johnson,Rays,44,104,93,22,4,0,2,12,9,8,26,3,1,0.234,0.296,0.348,0.644,0.282,999,13809,#N/A
Raul Mondesi,Royals,113,414,382,90,14,6,10,46,42,21,118,24,6,0.235,0.279,0.379,0.658,0.282,344.8,13769,#N/A
Gordon Beckham,Mariners,45,147,132,30,6,0,3,16,14,11,25,2,0,0.228,0.294,0.353,0.647,0.282,999,9015,#N/A
Alen Hanson,White Sox,74,243,225,55,10,3,4,31,17,14,49,12,5,0.246,0.289,0.377,0.666,0.282,636.8,12926,#N/A
Jett Bandy,Brewers,45,172,157,35,6,0,5,15,19,11,38,1,0,0.226,0.282,0.37,0.652,0.282,674.8,12508,#N/A
Ryan Howard,,20,81,74,16,3,0,3,9,11,6,25,0,0,0.212,0.269,0.396,0.664,0.282,999,2154,#N/A
Austin Nola,Marlins,6,23,21,5,1,0,0,2,2,2,4,0,0,0.229,0.301,0.334,0.635,0.282,999,sa577789,#N/A
Tony Wolters,Rockies,59,229,202,48,10,1,2,23,20,23,52,2,1,0.236,0.318,0.328,0.646,0.281,598.8,11470,#N/A
Allen Cordoba,Padres,82,286,258,60,8,3,5,25,23,21,65,4,2,0.234,0.297,0.351,0.648,0.281,691.5,15722,#N/A
Chris Coghlan,,20,57,49,10,2,0,1,6,4,6,13,0,0,0.207,0.307,0.324,0.631,0.281,999,6878,0
Andrew Susac,Orioles,34,109,98,21,4,0,3,10,11,9,31,1,0,0.213,0.284,0.361,0.644,0.281,655.5,13132,#N/A
Rafael Ortega,Marlins,45,190,174,42,8,1,2,20,16,14,32,5,2,0.242,0.3,0.339,0.639,0.281,999,10323,#N/A
Erick Aybar,,82,326,297,73,14,2,4,32,23,21,49,8,3,0.245,0.301,0.345,0.647,0.281,641.5,4082,#N/A
Ivan De Jesus,Red Sox,12,29,27,7,1,0,0,2,3,2,6,0,0,0.252,0.311,0.324,0.634,0.28,999,9886,0
Ruben Tejada,,18,61,54,13,3,0,1,7,5,5,9,0,0,0.242,0.307,0.33,0.637,0.28,999,5519,0
Charlie Culberson,Braves,84,241,225,55,12,1,4,20,22,14,50,3,1,0.244,0.288,0.36,0.647,0.28,696.8,3298,#N/A
Adam Rosales,Phillies,77,273,250,57,13,1,8,27,32,15,82,2,2,0.229,0.274,0.386,0.66,0.28,999,9682,#N/A
Zach Vincej,Mariners,37,121,110,26,5,1,2,15,11,8,26,2,1,0.234,0.3,0.332,0.632,0.28,999,13269,#N/A
Desmond Jennings,,7,26,23,5,1,0,1,2,2,2,6,0,0,0.211,0.289,0.348,0.637,0.279,999,1965,0
Billy Hamilton,Reds,135,576,527,131,18,8,4,76,35,40,116,58,12,0.248,0.301,0.335,0.636,0.279,60.8,10199,#N/A
Brendan Rodgers,Rockies,0,110,105,26,4,0,3,11,12,5,22,0,2,0.243,0.277,0.372,0.648,0.279,549.8,sa874238,0
Ryan Cordell,White Sox,57,213,198,46,7,1,6,27,27,12,57,3,1,0.233,0.278,0.369,0.647,0.279,999,sa737938,#N/A
Martin Maldonado,Angels,115,409,366,80,15,0,12,37,36,26,99,1,1,0.219,0.29,0.358,0.648,0.279,401.4,6887,#N/A
Travis Jankowski,Padres,89,302,264,62,10,1,2,37,12,31,78,20,5,0.234,0.318,0.298,0.615,0.279,658.4,13768,#N/A
Tyler Moore,,31,62,57,13,4,0,2,5,9,3,16,0,0,0.225,0.265,0.395,0.659,0.278,999,7244,#N/A
Darwin Barney,Rangers,87,315,292,71,13,1,5,31,22,16,52,5,2,0.244,0.289,0.35,0.639,0.278,999,2430,#N/A
JaCoby Jones,Tigers,88,316,289,64,13,2,6,35,32,22,102,9,3,0.223,0.286,0.349,0.635,0.277,660.5,14818,#N/A
Andrew Romine,Mariners,75,265,242,58,11,1,3,31,21,16,52,5,2,0.24,0.295,0.335,0.631,0.277,667.8,1159,#N/A
J.J. Hardy,,71,289,268,63,13,1,6,31,28,17,54,0,0,0.237,0.283,0.357,0.639,0.277,671,3797,#N/A
Jose Lobaton,,43,165,147,31,5,0,5,15,15,15,36,1,0,0.213,0.29,0.345,0.635,0.276,690,4243,1
Jimmy Rollins,Giants,6,26,23,5,1,0,0,4,1,2,5,1,0,0.222,0.293,0.333,0.627,0.276,999,971,#N/A
Pedro Severino,Nationals,55,174,159,38,7,0,3,15,18,13,36,1,1,0.238,0.3,0.344,0.643,0.276,653.3,14523,#N/A
Ryan Goins,Royals,93,322,295,70,14,2,5,28,36,21,67,2,1,0.237,0.286,0.348,0.634,0.276,664.1,9807,#N/A
Jeff Mathis,Diamondbacks,87,327,300,67,14,3,6,27,29,22,90,1,0,0.224,0.282,0.356,0.638,0.275,719.6,3448,#N/A
Oswaldo Arcia,,8,25,23,5,1,0,1,2,3,2,8,0,0,0.215,0.283,0.366,0.649,0.275,999,10306,0
Jhonny Peralta,,16,52,48,12,2,0,1,5,3,4,10,0,0,0.241,0.294,0.333,0.627,0.275,999,1738,0
Ryder Jones,Giants,58,221,201,45,10,1,5,22,21,15,55,2,0,0.223,0.288,0.359,0.647,0.275,999,15982,#N/A
Brett Eibner,Rangers,11,29,26,5,1,0,1,3,4,2,10,0,0,0.188,0.269,0.362,0.63,0.274,999,11369,0
Taylor Davis,Cubs,38,110,102,23,5,0,3,14,15,6,26,0,0,0.228,0.277,0.354,0.631,0.274,999,12782,#N/A
Nick Franklin,Brewers,23,49,44,9,2,0,1,4,5,4,10,1,0,0.21,0.286,0.334,0.62,0.274,999,10166,0
Leonys Martin,Tigers,107,410,377,85,12,3,10,43,33,27,103,18,7,0.227,0.281,0.352,0.633,0.273,486,11846,#N/A
Alberto Callaspo,,9,38,34,8,2,0,0,3,3,3,6,0,0,0.236,0.303,0.313,0.617,0.273,999,3336,#N/A
J.T. Riddle,Marlins,103,400,370,93,18,2,5,36,39,22,76,2,1,0.251,0.29,0.349,0.639,0.273,669.5,17642,#N/A
Rob Refsnyder,Blue Jays,55,176,158,37,8,2,1,20,10,15,29,5,1,0.232,0.303,0.323,0.626,0.273,999,13770,0
Jimmy Paredes,,11,23,22,5,1,0,1,2,3,1,7,0,0,0.231,0.263,0.376,0.638,0.272,999,5481,#N/A
Ryan Hanigan,Indians,39,155,139,32,5,0,3,13,18,11,37,0,0,0.232,0.295,0.333,0.628,0.272,664.8,4952,#N/A
Breyvic Valera,Cardinals,32,114,104,24,4,0,1,10,9,10,14,2,0,0.23,0.299,0.312,0.61,0.272,999,12758,#N/A
Alcides Escobar,Royals,147,590,559,142,28,5,6,62,49,19,88,9,5,0.254,0.282,0.351,0.632,0.272,535.3,6310,#N/A
Alexi Amarista,Tigers,66,221,208,52,9,0,3,21,22,11,39,5,1,0.248,0.287,0.341,0.627,0.271,740,9063,#N/A
Deven Marrero,Red Sox,65,221,202,45,10,0,5,27,26,15,61,4,1,0.224,0.276,0.348,0.624,0.271,650.5,13325,#N/A
Danny Santana,,97,338,319,75,15,3,5,36,30,16,76,14,6,0.235,0.273,0.356,0.629,0.27,689.7,10322,#N/A
Aaron Hill,,23,64,56,11,2,0,1,6,6,7,10,1,0,0.202,0.29,0.317,0.607,0.269,999,6104,0
David Freitas,Mariners,24,93,87,19,7,0,1,10,10,5,19,0,0,0.224,0.271,0.35,0.621,0.269,999,10619,#N/A
Ramon Cabrera,,11,43,39,9,2,0,1,3,4,2,8,0,0,0.24,0.287,0.33,0.617,0.268,999,10327,#N/A
Fernando Tatis Jr.,Padres,0,93,90,22,1,0,3,9,9,3,23,4,0,0.245,0.266,0.357,0.623,0.268,637.3,sa919910,#N/A
Shane Robinson,Angels,43,136,122,27,4,1,2,18,12,11,23,4,1,0.223,0.291,0.312,0.603,0.268,999,4249,#N/A
Chris Johnson,,13,32,30,7,1,0,1,2,3,2,9,0,0,0.228,0.282,0.331,0.613,0.267,999,1191,#N/A
Alex Mejia,Cardinals,56,162,147,30,5,1,5,19,16,12,36,1,1,0.202,0.266,0.348,0.613,0.267,999,13877,#N/A
Yairo Munoz,Cardinals,32,117,110,26,4,0,2,16,15,6,22,2,0,0.233,0.275,0.34,0.614,0.267,999,sa657210,#N/A
Alexei Ramirez,,18,63,60,14,3,0,1,5,6,3,8,1,1,0.242,0.278,0.337,0.615,0.265,999,5133,#N/A
Scott Van Slyke,Marlins,13,26,23,4,1,0,1,3,2,3,7,0,0,0.19,0.284,0.326,0.61,0.265,691,4365,0
Gregorio Petit,Twins,10,25,23,5,1,0,0,3,2,2,6,0,0,0.232,0.285,0.33,0.615,0.265,999,3812,#N/A
Elias Diaz,Pirates,51,193,180,42,10,0,2,16,19,11,37,1,0,0.232,0.278,0.326,0.604,0.265,678,11680,1
Juan Uribe,,10,33,31,7,1,0,1,3,3,2,6,0,0,0.214,0.268,0.347,0.615,0.264,999,454,0
Tyler Saladino,White Sox,84,314,288,65,11,2,4,31,24,20,69,9,4,0.225,0.282,0.316,0.598,0.264,700.4,10807,#N/A
Conor Gillaspie,,21,45,41,9,2,0,1,4,5,3,6,0,0,0.209,0.26,0.358,0.619,0.264,999,9009,0
Jonathan Herrera,,16,64,59,14,3,0,1,5,5,3,12,1,0,0.236,0.28,0.331,0.611,0.264,999,4182,#N/A
Chris Stewart,Braves,45,169,152,33,5,1,3,15,13,13,33,0,0,0.217,0.285,0.317,0.603,0.263,999,3878,#N/A
Nolan Fontana,Angels,60,196,174,33,6,0,5,19,16,20,50,5,4,0.188,0.276,0.312,0.588,0.262,999,13267,#N/A
Bobby Wilson,Twins,9,29,26,6,1,0,1,3,4,1,7,0,0,0.229,0.268,0.338,0.606,0.262,999,6564,#N/A
Orlando Calixte,Giants,53,152,136,29,6,0,3,17,16,11,36,3,0,0.21,0.271,0.328,0.599,0.261,999,11905,#N/A
Derek Norris,Tigers,97,384,351,70,13,0,13,38,38,23,92,5,1,0.201,0.258,0.348,0.606,0.261,652.8,6867,0
Danny Espinosa,Yankees,58,197,177,35,7,0,5,20,19,14,67,3,2,0.2,0.27,0.332,0.603,0.261,999,9219,#N/A
Chris Heisey,Twins,18,35,32,6,1,0,1,4,3,3,10,0,0,0.186,0.255,0.35,0.605,0.26,999,3978,#N/A
Erik Kratz,Yankees,27,55,51,10,5,0,1,4,12,2,13,0,0,0.202,0.242,0.367,0.609,0.259,999,4403,#N/A
Stuart Turner,Reds,33,117,105,21,4,0,4,10,12,8,27,0,0,0.2,0.259,0.341,0.599,0.259,693,15207,#N/A
Brock Stassi,Twins,15,27,23,4,1,0,1,2,2,4,7,0,0,0.167,0.278,0.295,0.573,0.259,999,12244,0
Billy Burns,Royals,74,239,223,53,7,2,1,27,14,11,35,10,7,0.239,0.283,0.304,0.587,0.258,695.3,12701,#N/A
Adam Engel,White Sox,86,342,306,60,13,3,6,37,24,25,105,11,3,0.196,0.267,0.32,0.587,0.258,668.3,15082,#N/A
Eric Fryer,,14,34,29,6,1,0,0,4,2,4,7,0,0,0.202,0.307,0.244,0.551,0.258,999,8145,#N/A
Tyler Holt,,11,23,20,4,0,0,0,2,1,2,6,0,0,0.212,0.302,0.259,0.561,0.258,999,11391,#N/A
Engelb Vielma,Orioles,38,141,133,30,4,1,2,10,9,7,25,2,1,0.228,0.268,0.324,0.592,0.258,999,sa657416,#N/A
Jaff Decker,,7,21,18,3,0,0,0,1,0,3,6,0,0,0.191,0.302,0.251,0.554,0.258,999,7945,#N/A
Rocky Gale,Padres,37,117,110,21,3,0,5,10,12,6,26,0,0,0.192,0.24,0.361,0.601,0.257,999,10533,#N/A
Omar Infante,,6,22,20,5,1,0,0,2,2,1,3,0,0,0.236,0.273,0.321,0.594,0.257,999,1609,#N/A
Mike Aviles,,89,319,290,66,10,1,4,25,21,20,51,2,1,0.229,0.282,0.311,0.593,0.256,999,5986,#N/A
Austin Romine,Yankees,64,220,202,45,10,0,3,18,22,12,46,0,0,0.224,0.269,0.32,0.589,0.256,642.6,5491,#N/A
Luis Torrens,Padres,42,150,133,28,5,1,2,12,12,13,33,0,0,0.209,0.284,0.307,0.591,0.256,700.7,15905,#N/A
Alberto Rosario,,45,117,107,22,5,0,2,10,10,8,24,0,0,0.204,0.266,0.311,0.576,0.254,999,7125,#N/A
Juan Graterol,Angels,35,109,101,24,5,0,1,10,13,5,20,0,0,0.235,0.267,0.318,0.585,0.254,999,5398,#N/A
Cody Asche,Royals,13,43,39,8,2,0,1,4,4,3,12,0,0,0.192,0.263,0.322,0.585,0.253,662,11997,0
J.B. Shuck,Marlins,78,337,307,63,8,3,6,33,27,23,38,3,2,0.204,0.264,0.309,0.573,0.252,999,6677,#N/A
Jared Hoying,,14,25,23,5,1,0,0,4,2,1,6,1,0,0.221,0.265,0.311,0.576,0.252,999,10882,#N/A
Tyler Ladendorf,,43,146,133,29,6,0,1,13,11,9,31,2,1,0.215,0.27,0.296,0.566,0.251,999,3211,#N/A
Chase d'Arnaud,Giants,17,39,36,8,2,0,0,5,2,3,10,2,1,0.217,0.278,0.297,0.575,0.251,999,6652,#N/A
A.J. Pierzynski,,10,34,32,7,2,0,0,2,3,1,4,0,0,0.232,0.259,0.325,0.584,0.251,999,746,#N/A
Terrance Gore,Royals,59,62,56,12,2,0,1,18,4,5,17,13,9,0.205,0.269,0.292,0.56,0.25,999,13658,#N/A
Chad Wallach,Marlins,32,106,98,19,4,0,2,8,9,7,29,0,0,0.198,0.257,0.306,0.563,0.248,748,17161,#N/A
Phil Gosselin,Reds,22,36,33,7,2,0,0,3,2,2,7,0,0,0.221,0.262,0.3,0.563,0.247,999,10953,#N/A
Luis Sardinas,Orioles,15,33,31,7,1,0,0,3,2,2,7,1,0,0.221,0.272,0.285,0.556,0.245,999,13153,#N/A
Kyle Higashioka,Yankees,29,101,92,16,3,0,3,11,10,9,25,0,0,0.178,0.251,0.302,0.553,0.245,999,5517,#N/A
Tyler Goeddel,Reds,10,26,23,4,0,0,0,2,2,2,6,0,0,0.192,0.257,0.291,0.548,0.243,999,13180,#N/A
Niko Goodrum,Twins,36,114,106,21,4,1,1,12,9,7,35,2,0,0.2,0.254,0.292,0.546,0.241,999,12092,#N/A
Jacob May,White Sox,37,135,121,21,4,1,3,13,14,10,41,1,1,0.176,0.248,0.288,0.536,0.238,999,14876,#N/A
A.J. Jimenez,,50,146,133,25,4,0,3,11,13,8,48,0,0,0.186,0.241,0.299,0.54,0.237,999,7077,#N/A
Michael Martinez,Indians,13,21,19,4,1,0,0,2,0,2,6,0,0,0.198,0.263,0.235,0.497,0.227,999,7358,#N/A
Christian Colon,,12,31,28,6,1,0,0,2,1,2,5,0,0,0.201,0.269,0.233,0.502,0.226,999,11145,#N/A
Johnny Giavotella,Marlins,17,41,40,8,2,0,0,3,3,1,8,2,0,0.208,0.234,0.284,0.518,0.225,999,6740,0
Luke Maile,Blue Jays,31,111,104,20,5,0,1,11,10,4,30,0,0,0.193,0.229,0.284,0.513,0.223,685.2,13355,#N/A
Cristhian Adames,Marlins,17,29,26,4,1,0,0,3,2,2,7,0,0,0.164,0.238,0.24,0.478,0.216,999,6013,#N/A
Christian Bethancourt,Brewers,13,22,21,4,1,0,0,1,2,1,7,0,0,0.195,0.218,0.272,0.49,0.213,999,10028,#N/A
Ramon Flores,Diamondbacks,10,27,25,4,1,0,0,1,2,2,5,0,0,0.18,0.233,0.222,0.455,0.204,999,11165,0
Jarrod Saltalamacchia,,12,35,31,4,1,0,1,3,3,3,15,0,0,0.13,0.215,0.234,0.449,0.204,999,5557,#N/A
Arismendy Alcantara,,20,30,29,5,1,0,0,4,2,1,11,1,1,0.175,0.197,0.267,0.464,0.2,999,10711,#N/A
